Institution,Location,Entry,Code,Status,Record
Acton-Boxborough,MA/US,Liu & Li,Acton-Boxborough LL,,
Acton-Boxborough,MA/US,Mhatre & Yanagimachi,Acton-Boxborough MY,,
Acton-Boxborough,MA/US,Gollapudi & Sivasenthil,Acton-Boxborough SG,,
Acton-Boxborough,MA/US,Su & Jiang,Acton-Boxborough SJ,,
Acton-Boxborough,MA/US,Stein & Leo,Acton-Boxborough SL,,
Acton-Boxborough,MA/US,Shukla & Nadkarni,Acton-Boxborough SN,,
Acton-Boxborough,MA/US,Sun & Graia,Acton-Boxborough SuGr,,
Acton-Boxborough,MA/US,Gupta & Wu,Acton-Boxborough WG,,
Albuquerque,NM/US,Hiller & Sankaran,Albuquerque HS,,
American Heritage Broward,FL/US,Alvarez & Jos,American Heritage Broward AJ,,
American Heritage Broward,FL/US,Allain-Tereshchenko & Kellogg,American Heritage Broward AK,,
American Heritage Broward,FL/US,Pinto & Chen,American Heritage Broward CP,,
American Heritage Broward,FL/US,Jino & Sasson,American Heritage Broward JS,,
American Heritage Broward,FL/US,Narasimhan & Mishiev,American Heritage Broward NM,,
American Heritage Palm Beach,FL/US,Dahabra & Rohit,American Heritage Palm Beach DR,,
American Heritage Palm Beach,FL/US,Eagan & Cohen,American Heritage Palm Beach EC,,
American Heritage Palm Beach,FL/US,Howe & Shleifer,American Heritage Palm Beach HS,,
Arizona College Prep,AZ/US,Hossain & Vallamshetla,Arizona  HV,,
Arlington,MA/US,Carman & Lay,Arlington CL,,
Atlantic Independent,GA/US,Chen & Baddela,Atlantic Independent BC,,
Avenues: The World,NY/US,Chen & Brashear,Avenues: The World CB,,
BASIS Peoria,AZ/US,Ashok & Lohani,BASIS Peoria AL,,
BASIS Peoria,AZ/US,Cho & Korpe,BASIS Peoria CK,,
BASIS Peoria,AZ/US,Chakrabarty & Nair,BASIS Peoria CN,,
BASIS Peoria,AZ/US,Guru & Vattikuti,BASIS Peoria GV,,
BASIS Peoria,AZ/US,La & Aggarwal,BASIS Peoria LA,,
BASIS Peoria,AZ/US,Moon & Kusurkar,BASIS Peoria MK,,
BASIS Peoria,AZ/US,Moon & Nagabandi,BASIS Peoria MN,,
BASIS Scottsdale,AZ/US,Arbit & Krishnan,BASIS Scottsdale AK,,
BASIS Scottsdale,AZ/US,Salehi-Rad & Shen,BASIS Scottsdale SS,,
Bay Area Independent,CA/US,Chang & Laxman,Bay Area Independent CL,,
Beacon,NY/US,D’Silva & Lumianski,Beacon LD,,
Bergen,NJ/US,Ajazi & Nukala,Bergen AN,,
Bergen County Academies,NJ/US,Li & DCosta,Bergen County Academies LD,,
Bergen County Academies,NJ/US,Liu & Sim,Bergen County Academies LS,,
Bergen Independent,NJ/US,Yang & Sehgal,Bergen Independent YS,,
Bergen,NJ/US,Kaushik & George,Bergen KG,,
Bergen,NJ/US,Yan & Lewis,Bergen LY,,
Bergen,NJ/US,Vignes & Dave,Bergen VD,,
Bergen,NJ/US,Wu & Zhang,Bergen WZ,,
Bergen,NJ/US,Zhang & Kim,Bergen ZK,,
Bergen,NJ/US,Zhang & Ma,Bergen ZM,,
Bronx Science,NY/US,Campbell & Auth,Bronx Science CA,,
Bronx Science,NY/US,Chawla & Bar,Bronx Science CB,,
Bronx Science,NY/US,Misra & Ginsberg,Bronx Science MG,,
Bronx Science,NY/US,Sander & Moser,Bronx Science SM,,
Brother Rice,MI/US,Barbat & Juncaj,Brother Rice BJ,,
Brother Rice,MI/US,Pinto & Kallabat,Brother Rice PK,,
Brother Rice,MI/US,Szura & Guo,Brother Rice SG,,
Browning,NY,Bianchi & Levenglick,Browning BL,,
Browning,NY,Guo & Moon,Browning GM,,
Browning,NY,Rance & Regier,Browning RR,,
Cambridge Rindge and Latin,MA/US,Anjaria & Asefaw,Cambridge Rindge and Latin AA,,
Cambridge Rindge and Latin,MA/US,Russell & Liang,Cambridge Rindge and Latin RL,,
Cary Acad,NC/US,Jung & Ravulapati,Cary Acad JR,,
CDI,ON/CA,Bhandari & Motivala,CDI BM,,
Chapin,NY/US,Millerman & Sinaiko,Chapin MS,,
Chapin,NY/US,Reddy & Khaliq,Chapin RK,,
Charles W Flanagan,FL/US,Libreros & Borges,Charles W Flanagan LB,,
Chattahoochee,GA/US,Lao & Qian,Chattahoochee LQ,,
Cherokee Trail,CO/US,Chavez & Vogel,Cherokee Trail CV,,
Cherokee Trail,CO/US,Rodriguez & Macmillan,Cherokee Trail RM,,
Clark Advanced Learning Center,FL,Borlaug & McGee,Clark Advanced Learning Center MB,,
Concord Carlisle,MA/US,Zevallos & Siala,Concord Carlisle ZS,,
Cranbrook,MI/US,Awad & Yeh,Cranbrook AY,,
Cranbrook,MI/US,DiPiero & You,Cranbrook DY,,
Cranbrook,MI/US,Shi & Wang,Cranbrook SW,,
Cranbrook,MI/US,Wang & Chen,Cranbrook WC,,
Cranbrook,MI/US,Wu & tang,Cranbrook WT,,
Cranbrook,MI/US,Dong & Zhang,Cranbrook ZD,,
Crimson Independent,KY/US,Shah & Xie,Crimson Independent SX,,
Dalton,NY/US,Saravanan & Chaisanguanthum,Dalton SC,,
Delbarton,NJ/US,Aiello & Xu,Delbarton AX,,
Delbarton,NJ/US,Ross & Wyso,Delbarton RW,,
Dulles,TX/US,Mathew & Chen,Dulles CM,,
Dulles,TX/US,Li & Huang,Dulles LH,,
Durham,NC/US,Erden & Spitzer,Durham ES,,
Durham,NC/US,Tsui & Şevik,Durham TŞ,,
Durham,NC/US,Chui & Zhou,Durham ZC,,
East Ridge,MN/US,Mohta & Venkat,East Ridge MV,,
Eden Prairie,MN/US,Deep & Virdi,Eden Prairie DV,,
FAU,FL/US,Jarugula & Balmuri,FAU JB,,
Freehold Township,NJ/US,Merino & Young,Freehold Township MY,,
Freehold Township,NJ/US,Rubman & Mena Moss,Freehold Township RM,,
George Washington,CO/US,Forstot & Stout,George Washington FS,,
George Washington,CO/US,Holguin & Duffy,George Washington HD,,
George Washington,CO/US,Santucci & Englert,George Washington SE,,
George Washington,CO/US,Stewart & Steele,George Washington SS,,
George Washington,CO/US,Wang & Sheehan,George Washington WS,,
Germantown Friends,PA/US,Li & Zhong,Germantown Friends LZ,,
Germantown,PA/US,Swartz & Hu,Germantown SH,,
Granada Hills Charter,CA/US,Shin & Shin,Granada Hills Charter SS,,
Gulliver Prep,FL/US,Ishoof & Santoyo Geijo,Gulliver Prep IS,,
Harbinger,CN,Karthikeyan & Zhang,Harbinger KZ,,
Hewitt,NY/US,Bruder & Berman,Hewitt BB,,
Hewitt,NY/US,Crystal & Allen,Hewitt CA,,
Hewitt,NY/US,Sutfin & Zarabi,Hewitt SZ,,
Horace Mann,NY/US,Au & Gupta,Horace Mann AG,,
Horace Mann,NY/US,Akbar & Zaidman,Horace Mann AZ,,
Horace Mann,NY/US,Chang & Park,Horace Mann CP,,
Horace Mann,NY/US,Ho & Ji,Horace Mann HJ,,
Horace Mann,NY/US,Jain & Gao,Horace Mann JG,,
Horace Mann,NY/US,Pande & Benson,Horace Mann PB,,
Horace Mann,NY/US,Tsai & Cheng,Horace Mann TC,,
Horace Mann,NY/US,Venkateswaran & Krikorian,Horace Mann VK,,
Horace Mann,NY/US,Wu & Paksima,Horace Mann WuPa,,
Hunter,NY/US,Gottlieb & Bailey,Hunter GB,,
Hunter,NY/US,Mak & Kraffczyk,Hunter MK,,
Hunter,NY/US,Schonfeld & Sandu,Hunter SS,,
Hunter,NY/US,Tang & Weiss,Hunter TW,,
Hunter,NY/US,Wu & Tsung,Hunter WT,,
Huntington,WV/US,Carey-squire & Neginhal,Huntington CN,,
Ivy Bridge,GA/US,Shah & Kinnarkar,Ivy Bridge SK,,
Ivy Bridge,GA/US,Tapaswi & Choi,Ivy Bridge TC,,
James Bowie,TX/US,Baird & Yordanova,James Bowie BY,,
James Bowie,TX/US,Mirkin & Chavez,James Bowie MC,,
James Bowie,TX/US,Bhattacharya & Verghese,James Bowie VB,,
Jasper,TX/US,Rai & Liang,Jasper RL,,
JR Masterman,PA/US,Weisz & Erdman,JR Masterman WE,,
La Salle College Prep,CA/US,Jackson & Petrosyan,La Salle  JP,,
Lake Highland Prep,FL/US,Arain & Ghanem,Lake Highland Prep AG,,
Lake Highland Prep,FL/US,Kunamneni & Reddy,Lake Highland Prep KR,,
Lake Highland Prep,FL/US,Sambandam & Ahmad,Lake Highland Prep SA,,
Lake Highland Prep,FL/US,Sambandam & Sant,Lake Highland Prep SS,,
Lake Highland Prep,FL/US,Srinivasa & Yan,Lake Highland Prep SY,,
Lake Mary,FL/US,Bilakanti & Boni,Lake Mary BB,,
Lake Mary,FL/US,Blomquest & Wright,Lake Mary BW,,
Lake Mary,FL/US,Calla & Kuruvilla,Lake Mary CK,,
Lake Mary,FL/US,Denton & Denton,Lake Mary DD,,
Lake Travis,TX/US,Farmand & Baryalai,Lake Travis FB,,
Lake Travis,TX/US,Joglekar & Shah,Lake Travis JS,,
Lake Travis,TX/US,Karanth & Chang,Lake Travis KC,,
Lakeville North,MN/US,Lester & Maharjan,Lakeville North LM,,
Lakeville North,MN/US,Tung & Zheng,Lakeville North TZ,,
Lakeville South,MN/US,McDonald & Berntson,Lakeville South MB,,
Langley,VA/US,Gubbi & Chun,Langley CG,,
Lawrenceville,NJ/US,Chidambaram & Miao,Lawrenceville CM,,
Lexington,MA/US,Guo & Nandy,Lexington GN,,
Lexington,MA/US,Kocheta & Chyung,Lexington KC,,
Lexington,MA/US,Meka & Kuchibhotla,Lexington MK,,
Lexington,MA/US,Ma & Sethi,Lexington MS,,
Lexington,MA/US,Revankar & Raythatha,Lexington RR,,
Lexington,MA/US,Shah & Pokharna,Lexington SP,,
Lincoln-Sudbury,MA/US,Chen & Rani,Lincoln-Sudbury CR,,
Lincoln-Sudbury,MA/US,Khan & Ham,Lincoln-Sudbury KH,,
Lincoln-Sudbury,MA/US,Rao & Patel,Lincoln-Sudbury RP,,
Lincoln-Sudbury,MA/US,Sharma & Young,Lincoln-Sudbury SY,,
Livingston,NJ/US,Gupta & Li,Livingston GL,,
Livingston,NJ/US,Nistala & Tripathi,Livingston NT,,
Livingston,NJ/US,Sur & Nistala,Livingston SN,,
Livingston,NJ/US,Yan & Zhong,Livingston YZ,,
Livingston,NJ/US,Zhang & Volkov,Livingston ZV,,
Magnolia,TX/US,Choubey & Shah,Magnolia CS,,
Magnolia,TX/US,Ding & Lou,Magnolia DL,,
Magnolia,TX/US,Ni & Zhang,Magnolia NZ,,
Magnolia,TX/US,Sirdeshmukh & Wang,Magnolia SW,,
Masters,NY/US,Barreno & Goldberg,Masters BG,,
Masters,NY/US,Jansky & Panos,Masters JP,,
Masters,NY/US,Levine & Rolston,Masters LR,,
McDowell,PA/US,Deventhira-Raja & Shankar,McDowell DS,,
McDowell,PA/US,Rastatter & Kim,McDowell RK,,
Millburn,NJ/US,Chen & Wang,Millburn CW,,
Millburn,NJ/US,Sinha & Xia,Millburn SX,,
Milton Acad,MA/US,Choe & Morishita,Milton Acad CM,,
Milton Acad,MA/US,Wong & Xue,Milton Acad WX,,
Montgomery Blair,MD/US,Guha & Shao,Montgomery Blair GS,,
Montgomery Blair,MD/US,Li & Tang,Montgomery Blair LT,,
Montville,NJ/US,Gontla & Patel,Montville PG,,
Montville,NJ/US,Natesan & Shamsudin,Montville SN,,
Montville,NJ/US,Wang & Zhang,Montville ZW,,
Natick,MA/US,Belev & Yu,Natick BY,,
National Debate Club (NDC),IL/US,Balu & Iyengar,National Debate Club (NDC) BI,,
National Debate Club (NDC),IL/US,Yelamanchili & Trivedi,National Debate Club (NDC) YT,,
Neenah,WI/US,Hildebrandt & Hodges,Neenah HH,,
New Horizons D.N,DO,Feliz & Garcia,New Horizons D.N FG,,
New Horizons D.N,DO,Lugo & Pena,New Horizons D.N LP,,
New Horizons D.N,DO,Rojas & Morales,New Horizons D.N RM,,
New Horizons D.N,DO,Rodriguez & Santana,New Horizons D.N RS,,
Newsome,FL/US,Berry & Maresca,Newsome BM,,
Newsome,FL/US,Pergola & Gill,Newsome PG,,
Newton South,MA/US,Celiktas & Hong,Newton South CH,,
Newton South,MA/US,Choudhury & Wang,Newton South CW,,
Newton South,MA/US,Chandok & Yao,Newton South CY,,
Newton South,MA/US,Dalzell & Miller,Newton South DM,,
Newton South,MA/US,Gao & Ziv Petreanu,Newton South GZ,,
Newton South,MA/US,Hurwitz & Menon,Newton South HM,,
Newton South,MA/US,Kopinja & Almedhychy,Newton South KA,,
Newton South,MA/US,Kaur & Errami,Newton South KE,,
Newton South,MA/US,Kinney & Hu,Newton South KH,,
Newton South,MA/US,Kapoor & Malihi,Newton South KM,,
Newton South,MA/US,Lanciloti & Lin,Newton South LL,,
Newton South,MA/US,Liang & Pang,Newton South LP,,
Newton South,MA/US,Lock & Scheufele,Newton South LS,,
Newton South,MA/US,Levy & Woo,Newton South LW,,
Newton South,MA/US,Paltrowitz & Shraytah,Newton South PS,,
Newton South,MA/US,Santhanam & Rafat,Newton South SR,,
Newton South,MA/US,Smy & Tarafdar,Newton South ST,,
Newton South,MA/US,Subramanian & Wang,Newton South SW,,
Newton South,MA/US,Telio & Brown,Newton South TB,,
Newton South,MA/US,Tendulkar & Pang,Newton South TP,,
Newton South,MA/US,Wang & Xiao,Newton South WX,,
Newton South,MA/US,Yang & Bulis,Newton South YB,,
Newton South,MA/US,Yee & Zhu,Newton South YZ,,
Nightingale Bamford,NY/US,Morris & Greene,Nightingale Bamford MG,,
North Allegheny,PA/US,Du & Dassanaike-Perera,North Allegheny DD,,
North Allegheny,PA/US,Ghosh & Annavajhula,North Allegheny GA,,
North Allegheny,PA/US,Ghosh & Raajiv Sai,North Allegheny GR,,
North Allegheny,PA/US,Hebbar & Kallavi,North Allegheny HK,,
North Allegheny,PA/US,Kallavi & Aluguvelli,North Allegheny KA,,
North Allegheny,PA/US,Kumar & Prasad,North Allegheny KP,,
North Allegheny,PA/US,Liu & Durisheti,North Allegheny LD,,
North Gwinnett,GA/US,Annambhotla & Lee,North Gwinnett AL,,
Nova 42,CA/US,Lee & Cho,Nova 42 LC,,
Nova,FL/US,Garcia & Chang,Nova GC,,
Nova,FL/US,Lewis & Asif,Nova LA,,
Pacific Blue Prep,WA/US,Wu & Zhang,Pacific Blue Prep WZ,,
Palm Beach Independent,FL/US,Fiala & Mo,Palm Beach Independent FM,,
Palm Beach Independent,FL/US,McDowell & Mason,Palm Beach Independent MM,,
Palm Harbor,FL/US,Mrkva & Lawrence,Palm Harbor ML,,
Palo Alto,CA/US,Choi & Tuteja,Palo Alto CT,,
Palo Alto,CA/US,Li & Sethi,Palo Alto LS,,
Palo Verde,NV/US,Cisneros & Zhong,Palo Verde CZ,,
Pingry,NJ/US,Liu & Hao,Pingry LH,,
Pingry,NJ/US,Park & Wu,Pingry WP,,
Pingry,NJ/US,Yu & Gilsenan,Pingry YG,,
Pittsburgh Central Catholic,PA/US,Gandhi & Athanassiou,Pittsburgh Central Catholic GA,,
Plano West,TX/US,Appan & Bai,Plano West AB,,
Plano West,TX/US,Ayuluri & Vemireddy,Plano West AV,,
Plano West,TX/US,Chachad & Patel,Plano West CP,,
Plano West,TX/US,Kapoor & Lohtia,Plano West KL,,
Poly Prep,NY/US,Cheng & Yao,Poly Prep YC,,
Poolesville,MD/US,Dave & Hou,Poolesville DH,,
Portsmouth,NH,Anderson & Doshi,Portsmouth AD,,
Portsmouth,NH,Coffey & Franas,Portsmouth CF,,
Portsmouth,NH,Cummins & Rajavel,Portsmouth CR,,
Potomac,MD/US,Dai & Fan,Potomac DF,,
Potomac,MD/US,Johnsen & Mihai,Potomac JM,,
Potomac,VA/US,Leifer & Mankovsky,Potomac LM,,
Potomac,MD/US,Lieu & Patel,Potomac LP,,
Potomac,MD/US,Rathi & Zhou,Potomac RZ,,
Potomac,VA/US,Combs & Shah,Potomac SC,,
Potomac,VA/US,Shanmugam & Shanmugam,Potomac SS,,
Princeton Independent,NJ/US,Ren & Jain,Princeton Independent RJ,,
Princeton Independent,NJ/US,Blix & Singh,Princeton Independent SB,,
Princeton Independent,NJ/US,Tauro & Krishnan,Princeton Independent TK,,
Princeton Independent,NJ/US,Wu & Sama,Princeton Independent WS,,
Puyallup,WA/US,Clark & King,Puyallup CK,,
Puyallup,WA/US,Eklund & Rabemiafara,Puyallup ER,,
Puyallup,WA/US,Singh & Lappin,Puyallup SL,,
Randolph,NJ/US,Gaydos & Lange,Randolph GL,,
Ransom Everglades,FL/US,Pena & Alesandro,Ransom Everglades PA,,
Regis,NY/US,Augustine & Damato,Regis AD,,
Regis,NY/US,Augustine & Lauriello,Regis AL,,
Regis,NY/US,Charest & O'Sullivan,Regis CO,,
Regis,NY/US,Dalven & Kearns,Regis DK,,
Regis,NY/US,Filocamo & McElfresh,Regis FM,,
Regis,NY/US,Grande & Grondin,Regis GG,,
Regis,NY/US,Liew & Napoli,Regis LN,,
Regis,NY/US,Mora & Moreno-Naya,Regis MM,,
Regis,NY/US,Napoli & Prisament,Regis NP,,
Regis,NY/US,O'Sullivan & McCormack,Regis OM,,
Richard Montgomery,MD/US,Chung & Xie,Richard Montgomery CX,,
Richard Montgomery,MD/US,Lin & Wang,Richard Montgomery LW,,
Richard Montgomery,MD/US,Yuan & Wei,Richard Montgomery YW,,
Ridge,NJ/US,Sherman & Hira,Ridge SH,,
Ridge,NJ/US,Sateeja & Li,Ridge SL,,
River Hill,MD/US,Bi & Tang,River Hill BT,,
Riverside,VA/US,Virmani & Virmani,Riverside VV,,
Robinson,FL/US,Kurtz & Panos,Robinson KP,,
Robinson,FL/US,Musolino & Borunda,Robinson MB,,
Roslyn,NY/US,Chan & Khanzadeh,Roslyn KC,,
St Joseph,DO,AguasVivas & Baroni,Saint Joseph AB,,
Scarsdale,NY/US,Chen & Zhang,Scarsdale CZ,,
Scarsdale,NY/US,Hosman & Dragovic,Scarsdale HD,,
Scarsdale,NY/US,He & Wang,Scarsdale HW,,
Scarsdale,NY/US,Liu & Zhang,Scarsdale LZ,,
Scarsdale,NY/US,Peng & Andrade,Scarsdale PA,,
Sharon,MA/US,Huang & Xin,Sharon HX,,
Sharon,MA/US,Kaitkay & Badgi,Sharon KB,,
Shrewsbury,MA/US,Iyer & Jonnalagadda,Shrewsbury IJ,,
Shrewsbury,MA/US,Mavinahalli & Aineni,Shrewsbury MA,,
Shrewsbury,MA/US,Vadlamudi & Patel,Shrewsbury VP,,
Sidwell,DC/US,Bao & Campbell,Sidwell BC,,
Sidwell,DC/US,Fagell & Garside,Sidwell FG,,
Sidwell,DC/US,Jain & Huang,Sidwell JH,,
Sidwell,DC/US,Jain & Schropfer,Sidwell JS,,
Sidwell,DC/US,Sima & Syed,Sidwell SS,,
Spence,NY/US,Chu & Chu,Spence CC,,
Spence,NY/US,Zhang & Hsu,Spence ZH,,
St Luke's,CT/US,Welch & Memon,St Luke's WM,,
Strake Jesuit College Prep,TX/US,Carlile & Li,Strake Jesuit  CL,,
Strake Jesuit College Prep,TX/US,Davis & Pruneda Hernandez,Strake Jesuit  DP,,
Strake Jesuit College Prep,TX/US,Guo & Zhao,Strake Jesuit  GZ,,
Strake Jesuit College Prep,TX/US,Holmes & Haire,Strake Jesuit  HH,,
Strake Jesuit College Prep,TX/US,Hasan & Jumalon,Strake Jesuit  HJ,,
Strake Jesuit College Prep,TX/US,Hablinski & Wu,Strake Jesuit  HW,,
Strake Jesuit College Prep,TX/US,Kirichenko & Harpavat,Strake Jesuit  KH,,
Strake Jesuit College Prep,TX/US,Castillo & Murthy,Strake Jesuit  MC,,
Strake Jesuit College Prep,TX/US,Merchant & Haire,Strake Jesuit  MH,,
Strake Jesuit College Prep,TX/US,Ngo & Trivedi,Strake Jesuit  NT,,
Strake Jesuit College Prep,TX/US,Wang & Li,Strake Jesuit  WL,,
Strake Jesuit College Prep,TX/US,Zhao & Magon,Strake Jesuit  ZM,,
Stratford,TX/US,Wu & Wang,Stratford WW,,
Stuyvesant,NY/US,Binyaminov & Li,Stuyvesant BL,,
Stuyvesant,NY/US,Harrington & Mancini,Stuyvesant HM,,
Success Academy HSLA-HARLEM,NY,Ndiaye & Camara,Success Academy HSLA-HARLEM NC,,
Success Academy HSLA-MANHATTAN,NY/US,Eleshin & Brotherson,Success Academy HSLA-MANHATTAN EB,,
Summit,NJ/US,Arora & Zarro,Summit AZ,,
Summit,NJ/US,Huang & Au-Yeung,Summit HA,,
Summit,NJ/US,Liang & Davies,Summit LD,,
Summit,NJ/US,Malik & Bhatia,Summit MB,,
Summit,NJ/US,Mudgal & Tham,Summit MT,,
Summit,NJ/US,Sood & Zahtila,Summit SZ,,
Syosset,NY/US,Kakkar & Shah,Syosset KS,,
Syosset,NY/US,Wang & Wang,Syosset WW,,
Thomas Edison EnergySmart Charter,NJ/US,Annamalai & Desai,Thomas Edison EnergySmart Charter DA,,
Thomas Edison EnergySmart Charter,NJ/US,Majmudar & Yildiz,Thomas Edison EnergySmart Charter YM,,
Thomas S. Wootton,MD/US,Tian & Tang,Thomas S. Wootton TT,,
Trinity,NY/US,Achuthan & Spitzer,Trinity AS,,
Trinity,NY/US,Chen & Jackson,Trinity CJ,,
Trinity,NY/US,Chiang & Yung,Trinity CY,,
Trinity,NY/US,Guan & Masella,Trinity GM,,
Trinity,NY/US,Li & Husain,Trinity LH,,
Upper St Clair,PA/US,Chandran & Kamat,Upper St Clair CK,,
Walt Whitman,MD/US,Ali & Golub,Walt Whitman AG,,
Walt Whitman,MD/US,Lekas & Shukla,Walt Whitman LeSh,,
Waring,MA/US,Hennessey & Van Kleeck,Waring HV,,
Waring,MA/US,Lorber Goodman & Mier,Waring ML,,
West Windsor Plainsboro South,NJ/US,Batra & Paul,West Windsor Plainsboro South BP,,
West Windsor Plainsboro South,NJ/US,Chandnani & Ranjan,West Windsor Plainsboro South CR,,
West Windsor Plainsboro South,NJ/US,Dutta & Dutta,West Windsor Plainsboro South DD,,
West Windsor Plainsboro South,NJ/US,Gupta & Dey,West Windsor Plainsboro South DG,,
West Windsor Plainsboro South,NJ/US,Jindal & Saini,West Windsor Plainsboro South JS,,
West Windsor Plainsboro South,NJ/US,Mehta & Chauhan,West Windsor Plainsboro South MC,,
West Windsor Plainsboro South,NJ/US,Maheshwari & Shenoy,West Windsor Plainsboro South MS,,
Westborough,MA/US,Addagudi & Sethi,Westborough AS,,
Westborough,MA/US,Chinthapatla & Prakash,Westborough CP,,
Westborough,MA/US,Seetha Raman & Joshi,Westborough SJ,,
Western,FL/US,Saxena & Verma,Western SV,,
Westfield Senior,NJ/US,Castillo & Sumas,Westfield Senior CS,,
Westfield Senior,NJ/US,Donnelly & Urbano,Westfield Senior DU,,
Westlake,TX/US,Law & Dunn,Westlake LD,,
Westlake,TX/US,Rana & Garimella,Westlake RG,,
Westlake,TX/US,Mujeeb & Reddy,Westlake RM,,
Westwood,TX/US,Nair & Yang,Westwood NY,,
Westwood,TX/US,Tran & Vemula,Westwood VT,,
Windward,CA/US,Sipkins & Shooshani,Windward SS,,