School,Location,Entry,Code,Record
Adlai E Stevenson,IL/US,Krishnaswamy & Bobba,Adlai E Stevenson KB,
Adlai E Stevenson,IL/US,Li & Ramesh,Adlai E Stevenson LR,
Adlai E Stevenson,IL/US,Maulik & Zhao,Adlai E Stevenson MZ,
Adlai E Stevenson,IL/US,Pollock & Kirylau,Adlai E Stevenson PK,
Algonquin,MA/US,Lakkapragada & Dhamdhere,Algonquin Speech and Debate Team LD,
Alliance Academy for Innovation,GA/US,Bavera & Chunduri,Alliance Academy for Innovation BC,
American Heritage Broward,FL/US,Gupta & Kwon,American Heritage Broward GK,
Ardrey Kell,NC/US,Sulur & Lagumbay,Ardrey Kell SL,
BASIS Chandler,AZ/US,Choudhury & Vo,BASIS Chandler CV,
BASIS Chandler,AZ/US,Pandit & Patibandla,BASIS Chandler PP,
BASIS Peoria,AZ/US,Kim & Sumesh,BASIS Peoria KS,
BASIS Peoria,AZ/US,Parau & Penmatcha,BASIS Peoria PP,
BASIS Peoria,AZ/US,Sekandari & Saravanan,BASIS Peoria SS,
Bergen,NJ/US,Joshi & Liang,Bergen JL,
Berkeley Carroll,NY/US,Balodis & Katzman,Berkeley Carroll BK,
Brookfield East,WI/US,Orejuela & Sundar,Brookfield East OS,
CR North,PA/US,Morton & Stockburger,CR North MS,
Cambridge Rindge and Latin,MA/US,Prasanna & PATTERSON,Cambridge Rindge and Latin PP,
Cambridge Rindge and Latin,MA/US,Venkatakrishnan & O'Toole,Cambridge Rindge and Latin VO,
Centennial,TX/US,Aneesh & Chedda,Centennial AC,
Chanhassen,MN/US,Violette & Schwendinger,Chanhassen VS,
Cherry Creek,CO/US,Akinrinola & Park,Cherry Creek AP,
Cherry Creek,CO/US,Holden & Bhattacharya,Cherry Creek HB,
Cherry Creek,CO/US,Parmar & Wilson-Axpe,Cherry Creek PW,
Concord Carlisle,MA/US,Branigan & Li,Concord Carlisle BL,
Cranbrook,MI/US,Patel & Wang,Cranbrook PW,
Cranbrook,MI/US,Walter & Hu,Cranbrook WH,
Desert Vista,AZ/US,Burkhart & Sathyan,Desert Vista BS,
Desert Vista,AZ/US,Yu & Fan,Desert Vista YF,
Durham,NC/US,Husain & Parekh,Durham HP,
Durham,NC/US,Prakash & Hodges,Durham PH,
Durham,NC/US,Sukhija & Wallen,Durham SW,
Durham,NC/US,Vail & Chen,Durham VC,
Freehold Township,NJ/US,Douglas & maiello,Freehold Township DM,
Freehold Township,NJ/US,Rubman & Novera,Freehold Township RN,
George Washington,CO/US,Abramson & Sherman,George Washington AS,
George Washington,CO/US,Ryan & White,George Washington RW,
Georgetown Day,DC/US,Atwood & Flyer,Georgetown Day AF,
Georgetown Day,DC/US,Bapna & Borek,Georgetown Day BB,
Georgetown Prepatory,MD/US,Anstett & Karzai,Georgetown Prepatory AK,
HS of American Studies,NY/US,Bryen & Florescu,HS of American Studies BF,
Horace Mann,NY/US,Goldman & Fazal,Horace Mann GF,
Horace Mann,NY/US,Levinson & Korff,Horace Mann LK,
Horace Mann,NY/US,Lee & Paulson,Horace Mann LP,
Horace Mann,NY/US,Palla & Jaffe,Horace Mann PJ,
Horace Mann,NY/US,Schreiber & Kolker,Horace Mann SK,
Horace Mann,NY/US,Yu & Chatterjee,Horace Mann YC,
Hunter,NY/US,Chosed & Xiong,Hunter CX,
Hunter,NY/US,Karri & Freeman,Hunter KF,
Hunter,NY/US,Wu & Yang,Hunter WY,
Interlake,WA/US,Deng & Zhang,Interlake DZ,
Interlake,WA/US,Guo & Jung,Interlake GJ,
Interlake,WA/US,Huang & Zheng,Interlake HZ,
Interlake,WA/US,Liang & Li,Interlake LL,
Ivy Bridge,GA,Yoon & Tang,Ivy Bridge YT,
Jasper,TX/US,Kapoor & Lohtia,Jasper KL,
Jasper,TX/US,Kumar & Patel,Jasper KP,
Johns Creek,GA/US,Biswas & Biswas,Johns Creek BB,
Lake Travis,TX/US,Kunchala & Bui,Lake Travis KB,
Lambert,GA/US,Menon & Yoo,Lambert MY,
Lambert,GA/US,Ranjit & Zhao,Lambert RZ,
Lexington,MA/US,Huang & Chakrabarti,Lexington HC,
Livingston,NJ/US,Zhang & Shah,Livingston ZS,
Marvin Ridge,NC/US,Gorantla & Gorantla,Marvin Ridge GG,
Milton Acad,MA/US,Tao & Yildirim,Milton TY,
Milton Acad,MA/US,Wu & Singh,Milton WS,
Montgomery Blair,MD/US,Guha & Nam,Montgomery Blair GN,
Moravian Academy Upper,PA/US,Bell & Ufondu,Moravian Academy Upper BU,
Mountain Ridge,AZ/US,Sullivan & Sekandari,Mountain Ridge SS,
National Cathedral School (NCS),DC/US,Arun & Bennett,National Cathedral School (NCS) AB,
Newport,WA/US,Chen & Samrat,Newport CS,
Newton South,MA/US,Ang & Dror,Newton South AD,
Newton South,MA/US,Anthony & Tendulkar,Newton South AT,
Newton South,MA/US,Challa & Li,Newton South CL,
Newton South,MA/US,Chang & Rotberg,Newton South CR,
Newton South,MA/US,Cheng & Ye,Newton South CY,
Newton South,MA/US,Datta & Datta,Newton South DD,
Newton South,MA/US,Ehsan & Tarafdar,Newton South ET,
Newton South,MA/US,Li & Kouspakian,Newton South LK,
Newton South,MA/US,Lim & Lu,Newton South LL,
Newton South,MA/US,Malihi & Krishnamoorthy,Newton South MK,
Newton South,MA/US,Ruan & Anthony,Newton South RA,
Newton South,MA/US,Rafat & Jones,Newton South RJ,
Newton South,MA/US,Smith & Berzin,Newton South SB,
Newton South,MA/US,Shin & Celiktas,Newton South SC,
Newton South,MA/US,Sawhney & Ibrahim,Newton South SI,
Newton South,MA/US,Wei & Zeng,Newton South WZ,
Newton South,MA/US,Yee & Ganesh,Newton South YG,
Newton South,MA/US,Zhang & Lock,Newton South ZL,
North Attleboro,MA/US,Kohli & Gupta,North Attleboro KG,
Oxbridge Academy of the Palm Beaches,FL/US,Luce & Stewart,Oxbridge Academy of the Palm Beaches LS,
Palm Beach Independent,FL/US,Ali & Lee,Palm Beach Independent AL,
Phoenix Country Day,AZ,Cohen & Mehta,Phoenix Country Day CM,
Pinecrest,NC,Diasio & Ung,Pinecrest DU,
Plano West,TX/US,Lee & Zhou,Plano West LZ,
Plano West,TX/US,Mahendra & Zeng,Plano West MZ,
Poly Prep Country Day,NY/US,Leduc & Sah,Poly Prep Country Day LS,
Poly Prep Country Day,NY/US,Tiesi & Mahmud,Poly Prep Country Day TM,
Potomac,MD/US,Chen & Qin,Potomac CQ,
Potomac,MD/US,Chatterjee & Vadlamudi,Potomac CV,
Potomac,MD/US,Fu & Wen,Potomac FW,
Potomac,MD/US,Li & Dsouza,Potomac LD,
Potomac,MD/US,Maeda & Patel,Potomac MP,
Potomac,MD/US,Peng & Wu,Potomac PW,
Potomac,MD/US,Snitkovsky & Stamatelatos,Potomac SS,
Potomac,MD/US,stickney & Vissa,Potomac SV,
Potomac,MD/US,Sane & Wu,Potomac SW,
Princeton,NJ/US,Ghiuvea & Zhao,Princeton GZ,
Princeton,NJ/US,Hagedorn & Caracalos,Princeton HC,
Princeton,NJ/US,Liu & Budny,Princeton LB,
Princeton,NJ/US,Margulis & Banerjee,Princeton MB,
Princeton,NJ/US,Penn & Tong,Princeton PT,
Pu Tai Senior,,Lin & Lin,Pu Tai Senior LL,
Puyallup,WA/US,Halvorson & Maher,Puyallup HM,
Ramsay,AL/US,Bellmon & Patton,Ramsay BP,
Ramsay,AL/US,Benson & Wood,Ramsay BW,
Ramsay,AL/US,Hollman & Brown,Ramsay HB,
Ransom Everglades,FL/US,Gold & Marcus,Ransom Everglades GM,
Ransom Everglades,FL/US,Granda-Scott & Rodriguez,Ransom Everglades GR,
Ravenwood,TN/US,Kumar & Mukerji,Ravenwood KM,
Regis,NY,Barcelona & Greene,Regis BG,
Regis,NY,Cimmino & Roe,Regis CR,
Regis,NY,Flanigan & Jones,Regis FJ,
Regis,NY,Gouley & Moran,Regis GM,
Regis,NY,Healey & Tinson,Regis HT,
Regis,NY,Kane & Stesner,Regis KS,
Regis,NY,Lee & Platt,Regis LP,
Regis,NY,O'Donnell & Zeitlinger,Regis OZ,
Richard Montgomery,MD/US,Chang & Yang,Richard Montgomery CY,
Richard Montgomery,MD/US,Guo & Sun,Richard Montgomery GS,
Richard Montgomery,MD/US,Kang & Sha,Richard Montgomery KS,
Richard Montgomery,MD/US,Lei & Levine,Richard Montgomery LL,
Richard Montgomery,MD/US,Shue & Xie,Richard Montgomery SX,
Ridge,NJ/US,Abtahi & Benny,Ridge AB,
Ridge,NJ/US,Iyer & Hodges,Ridge IH,
Ridge,NJ/US,Khade & Rai,Ridge KR,
Ridge,NJ/US,Pedavalli & Potrevu,Ridge PP,
Riverdale Country,NY/US,Steinberg & Gottlieb,Riverdale Country GS,
Riverdale Country,NY/US,Weise & Osei-Agyemang,Riverdale Country WO,
Saline,MI/US,Sandru & Sachdeva,Saline SS,
Saratoga,CA/US,Jia & Goswami,Saratoga JG,
Scarsdale,NY,Diao & Kini,Scarsdale DK,
Scarsdale,NY,Liu & Liu,Scarsdale LL,
Scarsdale,NY,Li & Weinsaft,Scarsdale LW,
Scarsdale,NY,Lee & Yang,Scarsdale LY,
Serra,CA,Alva & Owen,Serra AO,
Sidwell Independent,DC/US,Bao & Syed,Sidwell Independent BS,
Sidwell Independent,DC/US,Chander & Zhao,Sidwell Independent CZ,
Sidwell Independent,DC/US,Peters & King,Sidwell Independent PK,
Skyhigh,DO,Dauhajre & Jimenez,Skyhigh DJ,
South Forsyth,GA/US,Gautam & Gupta,South Forsyth GG,
St Thomas Aquinas,FL/US,Abrams & Chaturvedi,St Thomas Aquinas AC,
St Luke's,CT/US,Gilrain-Lennon & Gerber,St Luke's GG,
Altamont,AL/US,Goli & Sudarshan,Altamont GS,
Bronx Science,NY/US,Anastas & Emery,Bronx Science AE,
Bronx Science,NY/US,Gallo & Smirnova,Bronx Science GS,
Bronx Science,NY/US,Gelman & Zhou,Bronx Science GZ,
Bronx Science,NY/US,Kawamura & Wang,Bronx Science KW,
Bronx Science,NY/US,Michel & Yellen,Bronx Science MY,
Bronx Science,NY/US,Singh & Zaino,Bronx Science SZ,
Dalton,NY/US,Levin & Wang,Dalton LW,
Potomac,VA/US,Barabanov & Brin,Potomac BB,
Potomac,VA/US,Prieto & Kaashyap,Potomac PK,
Trinity,NY/US,Baatz & Lee,Trinity BL,
Trinity,NY/US,Chen & Nordenson,Trinity CN,
Trinity,NY/US,Yung & Cipriano,Trinity CY,
Trinity,NY/US,Epstein & Levy,Trinity EL,
Trinity,NY/US,Husain & Bordoff,Trinity HB,
Trinity,NY/US,Kostin & Fleesler,Trinity KF,
Trinity Prep,FL/US,Nagulapalli & Patel,Trinity Prep NP,
VDA - Vancouver,BC/CA,Hu & Li,VDA - Vancouver HL,
VDA - Vancouver,BC/CA,Ho & Tian,VDA - Vancouver HT,
VDA - Vancouver,BC/CA,Mai & Song,VDA - Vancouver MS,
VDA - Vancouver,BC/CA,Wu & Zhang,VDA - Vancouver WZ,
VDA - Vancouver,BC/CA,Yang & Young,VDA - Vancouver YY,
Walt Whitman,MD/US,Bhattacharjee & Willhauck,Walt Whitman BW,
Walt Whitman,MD/US,Dwyer & Polley-Fisanich,Walt Whitman DP,
Walt Whitman,MD/US,Hallward-Driemeier & Leonhardt,Walt Whitman HL,
Walt Whitman,MD/US,Hu-Henderson & Yang,Walt Whitman HY,
Walt Whitman,MD/US,Meheswaran & Akinyoyenu,Walt Whitman MA,
Walt Whitman,MD/US,Pal & Levy,Walt Whitman PL,
Walt Whitman,MD/US,Weerakoon & Hillman,Walt Whitman WH,
Walton,GA/US,Huang & Wu,Walton HW,
Waring,MA/US,Durning & Gimbrere,Waring DG,
Western,FL/US,Kapersaud & Pierre-Louis,Western KP,
Winston Churchill,MD/US,Halliburton & Tang,Winston Churchill HT,
Winston Churchill,MD/US,Jablonover & Moon,Winston Churchill JM,
Winston Churchill,MD/US,Li & Luo,Winston Churchill LL,
Winston Churchill,MD/US,Samantray & Zhang,Winston Churchill SZ,
Winston Churchill,MD/US,Xue & Zhou,Winston Churchill XZ,