Institution,Location,Entry,Code,Record
Able2Shine,CA/US,Liang & Yao,Able2Shine LY,
Able2Shine,CA/US,Su & Park,Able2Shine SP,
American,CA/US,Jyothis & Kaul,American KJ,
American,CA/US,Mishra & Raghav,American MR,
Archbishop Mitty,CA/US,Das & Mahajan,Archbishop Mitty DM,
Archbishop Mitty,CA/US,Kwok & Huang,Archbishop Mitty KH,
Archbishop Mitty,CA/US,Mishra & Chamarty,Archbishop Mitty MC,
Archbishop Mitty,CA/US,Ashok & Singhal,Archbishop Mitty SA,
Archbishop Mitty,CA/US,Shim & Huang,Archbishop Mitty SH,
Archbishop Mitty,CA/US,Bui & Vohra,Archbishop Mitty VB,
Archbishop Mitty,CA/US,Yang & Venkatraman,Archbishop Mitty YV,
Awty International,TX/US,Zhao & Zhang,Awty International ZZ,
BASIS Silicon Valley,CA/US,Zhang & Li,BASIS Silicon Valley ZL,
Bellarmine College Prep,CA/US,Banka & Tracey,Bellarmine  BT,
Bellarmine College Prep,CA/US,Jiang & Ling,Bellarmine  JL,
Bellarmine College Prep,CA/US,Bozza & Musukula,Bellarmine  MB,
Brooks Debate Institute,CA/US,Duhoon & Wudaru,Brooks Debate Institute DW,
Brooks Debate Institute,CA/US,Pala & Shah,Brooks Debate Institute PS,
Canyon Crest,CA/US,Asuri & Rupareliya,Canyon Crest AR,
Canyon Crest,CA/US,Song & Fehmi,Canyon Crest FS,
Canyon Crest,CA/US,Pandhi & Goodsell,Canyon Crest GP,
Canyon Crest,CA/US,Sun & Liu,Canyon Crest SL,
Canyon Crest,CA/US,Xiong & Shi,Canyon Crest SX,
Canyon Crest,CA/US,Wang & Synn,Canyon Crest WS,
Castro Valley,CA/US,Rath & Coutinho,Castro Valley CR,
Castro Valley,CA/US,Garg & Hughes,Castro Valley GH,
Castro Valley,CA/US,Batbold & Xie,Castro Valley XB,
Christopher Columbus,FL/US,Alonso & Chazarreta,Christopher Columbus AC,
Christopher Columbus,FL/US,Caram & Ross,Christopher Columbus CR,
CK McClatchy,CA/US,Louney & McCormack,CK McClatchy LM,
CK McClatchy,CA/US,Murray & Wehling,CK McClatchy MW,
College Prep,CA/US,Boykin & Pak,College Prep BP,
College Prep,CA/US,Beamer & Sabnani,College Prep BS,
College Prep,CA/US,Kurland & Falk,College Prep FaKu,
College Prep,CA/US,Fong & Kumar,College Prep FK,
College Prep,CA/US,Yu & Hao,College Prep HY,
College Prep,CA/US,Jhaveri & Lee,College Prep JL,
College Prep,CA/US,Dhillon & Rees,College Prep RD,
Collegiate,NY/US,Azad & Wang,Collegiate AW,
Collegiate,NY/US,Ewart & Yan,Collegiate EY,
Collegiate,NY/US,Ferreira & Sood,Collegiate SF,
Collegiate,NY/US,Wagner & Vasudev,Collegiate VW,
Cranbrook,MI/US,Feng & Qian,Cranbrook FQ,
Cranbrook,MI/US,Huang & Zhang,Cranbrook HZ,
Denver South,CO/US,Cheroutes & Brown,Denver South BC,
Dougherty Valley,CA/US,Chopra & Mei,Dougherty Valley CM,
Dougherty Valley,CA/US,Bindlish & Desai,Dougherty Valley DB,
Dougherty Valley,CA/US,Gireesha & Pal,Dougherty Valley GP,
Dougherty Valley,CA/US,Kadiyala & Bansal,Dougherty Valley KB,
Dougherty Valley,CA/US,Chawda & Mallajosyula,Dougherty Valley MC,
Dougherty Valley,CA/US,Santorsiero & Alurkar,Dougherty Valley SA,
Dougherty Valley,CA/US,Bahrani & Wu,Dougherty Valley WB,
Dripping Springs,TX/US,Lagarde & Carley,Dripping Springs CL,
Dripping Springs,TX/US,Hall & Sheppard,Dripping Springs HS,
Emerald,CA/US,Agarwal & Gabada,Emerald AG,
Emerald,CA/US,Baindla & Xu,Emerald BX,
Emerald,CA/US,Goswami & Mamidi,Emerald GM,
Emerald,CA/US,Jain & Kollu,Emerald JK,
Emerald,CA/US,Karur-Parekh & Gairola,Emerald KG,
Emerald,CA/US,Agrawal & Odugu,Emerald OA,
Emerald,CA/US,Ramalingam & Muthyala,Emerald RM,
Emerald,CA/US,Saravanan & Liao,Emerald SL,
Evergreen Valley,CA/US,Corbu & Nagulapalli,Evergreen Valley CN,
Fairmont Prep,CA/US,Harrison & Chang,Fairmont Prep CH,
Fairmont Prep,CA/US,Kamath & Teng,Fairmont Prep KaTe,
Fairmont Prep,CA/US,Tsai & Kang,Fairmont Prep KT,
Fairmont Prep,CA/US,Shah & Lunde,Fairmont Prep LS,
Fairmont Prep,CA/US,Park & Ngo,Fairmont Prep NP,
Fairmont Prep,CA/US,Patel & Ji,Fairmont Prep PJ,
Fairmont Prep,CA/US,Patel & Patel,Fairmont Prep PP,
Fairmont Prep,CA/US,Savdharia & Shah,Fairmont Prep SS,
Fairview,CO/US,Grandsaert & Simpson Teplin,Fairview GS,
Fairview,CO/US,Hayman & Ismail,Fairview IH,
Fairview,CO/US,Soutiere & Zhou,Fairview SZ,
Flintridge Prep,CA/US,Cooper & Bae,Flintridge Prep BC,
Flintridge Prep,CA/US,Lavichant & Cheng,Flintridge Prep LC,
Flintridge Prep,CA/US,Waldheim & Yoo,Flintridge Prep WY,
Flintridge Prep,CA/US,Zhao & Lavichant,Flintridge Prep ZL,
Flower Mound,TX/US,Kashyap & Kim,Flower Mound KK,
Flower Mound,TX/US,Munipalle & Iyer,Flower Mound MI,
Flower Mound,TX/US,Sajja & Sadineni,Flower Mound SS,
Folsom,CA/US,Adusumalli & Gadiraju,Folsom AG,
Folsom,CA/US,Gadiraju & Shah,Folsom GS,
Folsom,CA/US,Jaswal & Chinya,Folsom JC,
Folsom,CA/US,Raj & Shinde,Folsom RS,
Fort Collins,CO/US,Grobaski & Attridge,Fort Collins AG,
Fort Collins,CO/US,Rivera & Yalin,Fort Collins YR,
Gig Harbor,WA/US,Adamson & Thoms,Gig Harbor AT,
Harker,CA/US,Alan & Shen,Harker AS,
Harker,CA/US,Le & Luo,Harker LL,
Harker,CA/US,Paranjpye & Chen,Harker PC,
Harker,CA/US,Gupta & Vijay,Harker VG,
Harker,CA/US,Liu & Yeh,Harker YL,
Harker,CA/US,Chen & Zhang,Harker ZC,
Interlake,WA/US,Nemani & Binu,Interlake NB,
Interlake,WA/US,Padwalkar & Wu,Interlake PW,
Interlake,WA/US,Bie & Ramaswamy,Interlake RB,
Kent Denver,CO/US,Gnekoezan & Gibson-Ramirez,Kent Denver GG,
Kent Denver,CO/US,Tandon & Samuels,Kent Denver ST,
Kinkaid,TX/US,Tang & Cai,Kinkaid CT,
Kinkaid,TX/US,Zhang & Yang,Kinkaid YZ,
L C Anderson,TX/US,Spindler & Benko,L C Anderson BS,
Los Altos,CA/US,Desai & Ding,Los Altos DD,
Los Altos,CA/US,Wang & Lingo,Los Altos LW,
Loyola,CA/US,Fowkes & McHugh,Loyola FM,
Loyola,CA/US,Ito Wilson & Lally,Loyola LI,
Loyola,CA/US,Oh & Min,Loyola MO,
Loyola,CA/US,Besada & Turse,Loyola TB,
Lynbrook,CA/US,Aeron & Mishra,Lynbrook AM,
Lynbrook,CA/US,Bhethanabotla & Shrivastava,Lynbrook BS,
Lynbrook,CA/US,Patel & Loonawat,Lynbrook PL,
Lynbrook,CA/US,Hong & Saharoy,Lynbrook SH,
Milpitas,CA/US,Prabhakhar & Nguyen,Milpitas PN,
Miramonte,CA/US,Chen & Zheng,Miramonte CZ,
Miramonte,CA/US,Chan & Dao,Miramonte DC,
Miramonte,CA/US,Loughran & Ghiami,Miramonte GL,
Miramonte,CA/US,Loughran & Deng,Miramonte LD,
Miramonte,CA/US,Peng & Lee,Miramonte PL,
Miramonte,CA/US,Riley & Lippi,Miramonte RL,
Miramonte,CA/US,Chung & Skjorshammer,Miramonte SC,
Miramonte,CA/US,Mujaddidi & Su,Miramonte SM,
Monta Vista,CA/US,Tai & Goyal,Monta Vista GT,
Monte Vista,CA/US,Shalizi & Lake,Monte Vista LS,
Mountain House,CA/US,Dhruv & Kurup,Mountain House DK,
Mountain View,CA/US,Beri & Srivatsa,Mountain View SB,
Northwood,CA/US,Godse & Grover,Northwood GG,
Northwood,CA/US,Murtaza & Gottumukkala,Northwood MG,
Northwood,CA/US,Siddiqui & Baik,Northwood SB,
Northwood,CA/US,Xiong & Sudhakar,Northwood XS,
Nueva,CA/US,Soral & Emanuel,Nueva ES,
Nueva,CA/US,Rong & Iyer,Nueva IR,
Nueva,CA/US,Yang & D'Agostino,Nueva YD,
Oakwood,CA/US,Birnbaum & Pressman,Oakwood BP,
Oakwood,CA/US,Gardner-Berg & Rosenfelt,Oakwood GR,
Oakwood,CA/US,Harmon & Fox-Clifford,Oakwood HF,
Oakwood,CA/US,Hoover & Reich,Oakwood HR,
Oakwood,CA/US,Turk & Turk,Oakwood TT,
Palo Alto,CA/US,Liang & Liu,Palo Alto LL,
Quarry Lane,CA/US,Liu & Manyam,Quarry Lane LM,
Quarry Lane,CA/US,Zhuge & Sharma,Quarry Lane SZ,
Saratoga,CA/US,Goswami & Jia,Saratoga JG,
Saratoga,CA/US,Mao & ren,Saratoga MR,
Saratoga,CA/US,Luo & Tsang,Saratoga TL,
St Francis,CA/US,Wang & Coon,St Francis CW,
St Mary's,OR/US,Ali & Khalid,St Mary's AK,
Taipei American,TW,Bate Agborsangaya & Aung,Taipei American AB,
Taipei American,TW,Lee & Han,Taipei American HL,
Taipei American,TW,Liu & Lin,Taipei American LiLi,
Taipei American,TW,Lee & Lee,Taipei American LL,
Taipei American,TW,Chang & Zhong,Taipei American ZC,
Troy,CA/US,Zhou & Chen,Troy ZC,
Valley Christian,CA/US,Lee & Bondalapati,Valley Christian BL,
Valley Christian,CA/US,Mellachervu & Jiang,Valley Christian JM,
Valley Christian,CA/US,Liu & Li,Valley Christian LL,
VDA - Vancouver,BC/CA,Liang & Zheng,VDA - Vancouver LiZh,
VDA - Vancouver,BC/CA,Lu & Zhou,VDA - Vancouver LZ,
VDA - Vancouver,BC/CA,Ye & Guo,VDA - Vancouver YG,
Vista Del Lago,CA/US,Gopalakrishnan & Raghavan,Vista Del Lago GR,
Vista Del Lago,CA/US,Yarlagadda & Kolli,Vista Del Lago KY,
Vista Del Lago,CA/US,Nagpal & Mehta,Vista Del Lago NM,
Vista Del Lago,CA/US,Balakrishnan & Pasumarthi,Vista Del Lago PB,
Vista Del Lago,CA/US,Lakshminarayanan & Perez,Vista Del Lago PL,
Vista Del Lago,CA/US,Ramineni & Tiwari,Vista Del Lago RT,
Westridge,CA/US,Whitaker & Duan,Westridge DW,
Westridge,CA/US,Murray & Wu,Westridge MW,
Westridge,CA/US,Wieland & Chow,Westridge WC,
Winston Churchill,TX/US,Ingram & MacKay,Winston Churchill IM,
