Institution,Location,Entry,Code,Record
Able2Shine,CA/US,He & Au,Able2Shine HA,
Able2Shine,CA/US,Le & He,Able2Shine LH,
Able2Shine,CA/US,Park & Su,Able2Shine PS,
Accipiter Independent,NY/US,Engle & Parsi,Accipiter Independent EP,
Acton-Boxborough,MA/US,Gollapudi & Sivasenthil,Acton-Boxborough GS,
Acton-Boxborough,MA/US,Katarki & Xie,Acton-Boxborough KX,
Acton-Boxborough,MA/US,Sundaram & Goli,Acton-Boxborough SG,
Acton-Boxborough,MA/US,Shroff & Narra,Acton-Boxborough SN,
Acton-Boxborough,MA/US,Gupta & Wu,Acton-Boxborough WG,
Amador Valley,CA/US,Gao & Jeon,Amador Valley JG,
Arlington,MA/US,Carman & Lay,Arlington CL,
Avenues: The World,NY/US,Chen & Brashear,Avenues: The World CB,
Avenues: The World,NY/US,Yi & Jacques,Avenues: The World JY,
BASIS Chandler,AZ/US,Annapureddy & Yelamanchili,BASIS Chandler AY,
BASIS Chandler,AZ/US,Taloor & Katta,BASIS Chandler KT,
BASIS Peoria Independent,AZ/US,Chakrabarty & Nair,BASIS Peoria Independent CN,
BASIS Peoria Independent,AZ/US,Guru & Vattikuti,BASIS Peoria Independent GV,
BASIS Peoria Independent,AZ/US,Sumesh & Peddireddi,BASIS Peoria Independent SP,
Bay Area Independent,CA/US,Laxman & Chang,Bay Area Independent LC,
Bergen,NJ/US,Na & Lee,Bergen NL,
Bergen,NJ/US,Vignes & Dave,Bergen VD,
Bronx Science,NY/US,Mamgain & Isidor,Bronx Science MI,
Bronx Science,NY/US,Sander & Moser,Bronx Science SM,
Brooklyn Technical HS Independent,NY/US,Dobran & Budin,Brooklyn Technical HS Independent BD,
Brooklyn Technical HS Independent,NY/US,Urban & Kakumanu,Brooklyn Technical HS Independent UK,
Brooks Debate Institute,CA/US,Pala & Shah,Brooks Debate Institute PS,
Brophy,AZ/US,Fulton & Rizvi,Brophy FR,
Canyon Crest,CA/US,Shi & Xiong,Canyon Crest SX,
Canyon HS (CHS),CA/US,Singh & Hwang,Canyon HS (CHS) HS,
Cary Acad,NC/US,Bolt & McSwain,Cary Acad BM,
City Honors Independent,NY/US,Brace & Menil,City Honors Independent BM,
CR North,PA/US,Patel & Acereda,CR North AP,
CR North,PA/US,Allampally & Raghunandan,CR North AR,
CR North,PA/US,Kapure & Vatsya,CR North KV,
CR North,PA/US,Vatsya & Ye,CR North VY,
Cranbrook,MI/US,Lee & Zhang,Cranbrook LZ,
Cranbrook,MI/US,Wang & Lau,Cranbrook WL,
Cranbrook,MI/US,Wu & Tang,Cranbrook WT,
Cranbrook,MI/US,Yeh & Chen,Cranbrook YC,
Dougherty Valley,CA/US,Agarwal & Peshkar,Dougherty Valley AP,
Dougherty Valley,CA/US,Chu & Lai,Dougherty Valley CL,
Dougherty Valley,CA/US,Koshy & Dhavala,Dougherty Valley KD,
Dougherty Valley,CA/US,Iyer & Kadiyala,Dougherty Valley KI,
Dougherty Valley,CA/US,Santorsiero & Alurkar,Dougherty Valley SA,
Dougherty Valley,CA/US,Jamal & Vo,Dougherty Valley VJ,
Dougherty Valley,CA/US,Zhang & Thacker,Dougherty Valley ZT,
Eden Prairie,MN/US,Virdi & Virdi,Eden Prairie VV,
Emerald,CA/US,Bala & Jha,Emerald BJ,
Emerald,CA/US,Bansal & Nutakki,Emerald BN,
Emerald,CA/US,Khalifa & Haile,Emerald KH,
Emerald,CA/US,Mamidi & Goswami,Emerald MG,
Emerald,CA/US,Nookala & Krishnakumar,Emerald NK,
Equality Independent,TX/US,Jhamb & Nagrath,Equality Independent NJ,
Fairmont Prep,CA/US,Ji & Patel,Fairmont Prep JP,
Fairmont Prep,CA/US,Patel & Patel,Fairmont Prep PP,
Foothill,CA/US,Tang & Li,Foothill TL,
Foothill,CA/US,Zhu & Chang,Foothill ZC,
Friends School of Baltimore,MD/US,Hair-Ralston & Kurlantzick,Friends School of Baltimore HK,
Harbinger,CN,Miao & Yu,Harbinger MY,
Hawken,OH/US,Honda & Kislyansky,Hawken HK,
Horace Mann,NY/US,Benson & Fong,Horace Mann BF,
Horace Mann,NY/US,Chang & Park,Horace Mann CP,
Horace Mann,NY/US,Ho & Ji,Horace Mann HJ,
Horace Mann,NY/US,Venkateswaran & Krikorian,Horace Mann VK,
Hunter,NY/US,Sandu & Schonfeld,Hunter SS,
Hunter,NY/US,Wan & Turner-Walkowitz,Hunter WT,
Independence,CA/US,Gandhi & Shau,Independence GS,
Interlake,WA/US,Oruganti & Simhadri,Interlake OS,
Interlake,WA/US,Padwalkar & Wu,Interlake WP,
Interlake,WA/US,Yang & Qiu,Interlake YQ,
Jackson Prep,MS/US,Slade & Parry,Jackson Prep SP,
James Madison,VA/US,Saraf & Shnekendorf,James Madison SS,
JR Masterman,PA/US,Albert & Samara-Reuter,JR Masterman AS,
Keyspeak,CN,Wang & Liu,Keyspeak WL,
Lakeview Prep,WA/US,Sridhar & Gowda,Lakeview Prep GS,
Lakeville North,MN/US,Tung & Zheng,Lakeville North TZ,
Lakeville South,MN/US,McDonald & Berntson,Lakeville South MB,
Laksh,WV/US,Neginhal & Lieu,Laksh NL,
Lambert Independent,GA/US,Mukker & Liu,Lambert Independent ML,
LeBron James Debate Institute,MA/US,Chandok & Kapoor,LeBron James Debate Institute KC,
LeBron James Debate Institute,MA/US,Kapoor & Thomas,LeBron James Debate Institute TK,
Leland,CA/US,Manral & Bansal,Leland MB,
Lexington,MA/US,Roy & Kasi,Lexington RK,
Lexington,MA/US,Sethi & Ma,Lexington SM,
Lexington,MA/US,Xia & Sawant,Lexington XS,
Lexington,MA/US,Zhang & Xu,Lexington ZX,
Livingston,NJ/US,Ganesh & Govindsamy,Livingston GG,
Livingston,NJ/US,Gupta & Li,Livingston LG,
Livingston,NJ/US,Nistala & Tripathi,Livingston NT,
Livingston,NJ/US,Volkov & Zhang,Livingston VZ,
Livingston,NJ/US,Zhang & Gao,Livingston ZG,
Lynbrook,CA/US,Saharoy & Hong,Lynbrook SH,
Magnolia,TX/US,Choubey & Shah,Magnolia CS,
Magnolia,TX/US,Sirdeshmukh & Wang,Magnolia SW,
Magnolia,TX/US,Saravanan & Yan,Magnolia SY,
McLean,VA/US,Cai & Liu,McLean CL,
McLean,VA/US,Kim & Zou,McLean KZ,
Millburn,NJ/US,Kapur & Sinha,Millburn KS,
Millburn,NJ/US,Xia & Sinha,Millburn XS,
Montgomery Blair,MD/US,Li & Tang,Montgomery Blair LT,
Mount Auburn Hospital,MA/US,Choe & Xue,Mount Auburn Hospital XC,
Mountain View,CA/US,Ma & Chen,Mountain View MC,
National Debate Club (NDC),IL/US,Sudhakar & Xiong,National Debate Club (NDC) SX,
NAVI,NY/US,Koo & Park,NAVI KP,
NAVI,NY/US,Prainito & Prainito,NAVI PP,
Northeast Atlantic Independent,MA/US,Choudhury & Yee,Northeast Atlantic Independent CY,
Northeast Atlantic Independent,MA/US,Gao & Ziv Petreanu,Northeast Atlantic Independent GZ,
Northeast Atlantic Independent,MA/US,Pang & Tendulkar,Northeast Atlantic Independent PT,
Northeast Atlantic Independent,MA/US,Wang & Paltrowitz,Northeast Atlantic Independent PW,
Northeast Atlantic Independent,MA/US,Wang & Xiao,Northeast Atlantic Independent WX,
Open Window Independent,WA/US,Yoon & Rajesh,Open Window Independent YR,
Papaya Valley,CA/US,Corbu & Nagulapalli,Papaya Valley CN,
Park Vista,FL,Sanchez & Nelson,Park Vista SN,
Philadelphia Debate Institute,PA/US,Lyndall & Shein,Philadelphia Debate Institute LS,
Potomac,MD/US,Durbhakula & Duong,Potomac DD,
Potomac,MD/US,Mathur & Vedagiri,Potomac MV,
Power Speakers Unlimited,NY/US,Srinivasan & Harish,Power Speakers Unlimited SH,
Power Speakers Unlimited,NY/US,Singh & Ravishankar,Power Speakers Unlimited SR,
Princeton Independent,NJ/US,Mueller & Blix,Princeton Independent BM,
Quarry Lane,CA/US,Liu & Manyam,Quarry Lane LM,
Quarry Lane,CA/US,Ravikumar & Zhuge,Quarry Lane RZ,
Ridge,NJ/US,Vasanthavada & Khanal,Ridge KV,
Ridge,NJ/US,Narang & Sharma,Ridge NS,
Ridge,NJ/US,Sateeja & Li,Ridge SL,
Riverside,VA/US,Sakamuri & Li,Riverside SL,
SA Ozone Park,NY/US,Lennard & Allison,SA Ozone Park LA,
Saratoga,CA/US,Liu & Lee,Saratoga LL,
Saratoga,CA/US,Mao & Ren,Saratoga MR,
Saratoga,CA/US,Tirthapura & Ravishankar,Saratoga RT,
SD,CN,Xie & Liu,SD XL,
Sharon,MA/US,Sreeram & He,Sharon SH,
Sharon,MA/US,Xin & Xin,Sharon XX,
Solebury,PA/US,Maman & Gao,Solebury MG,
Stratford Independent,TX/US,Wang & Wu,Stratford Independent WW,
Summit,NJ/US,Au-Yeung & Huang,Summit AH,
Summit,NJ/US,Arora & Zarro,Summit AZ,
Summit,NJ/US,Zahtila & Sood,Summit SZ,
Summit,NJ/US,Tham & Mudgal,Summit TM,
Taipei American,TW,Lee & Lee,Taipei American LL,
Trinity,NY/US,Chiang & Masella,Trinity CM,
Trinity Prep,FL/US,Nappi & Haddadin,Trinity Prep NH,
Valley Hills,NJ/US,Baddela & Chaisanguanthum,Valley Hills BC,
Vista Del Lago,CA/US,Yarlagadda & Kolli,Vista Del Lago YK,