School,Location,Entry,Code,Record
Acton-Boxborough,MA/US,Dole & Baradwaj,Acton-Boxborough DB,
Acton-Boxborough,MA/US,Dawn & Leo,Acton-Boxborough DL,
Acton-Boxborough,MA/US,Das & Murthy,Acton-Boxborough DM,
Acton-Boxborough,MA/US,Leo & Jiang,Acton-Boxborough LJ,
Alliance,GA/US,Ranjit & Yoon,Alliance RY,
American,CA/US,Raghavan & Kim,American RK,
Archbishop Mitty,CA/US,Das & Ashok,Archbishop Mitty DA,
Arizona,AZ/US,Isaacson & Baker,Arizona IB,
BASIS Independent Brooklyn 22-23,NY/US,willard & Wald,BASIS Independent Brooklyn 22-23 WW,
BASIS Phoenix,AZ/US,Gadagkar & Li,BASIS Phoenix GL,
Bergen County Academies,NJ/US,Chun & Kreibich,Bergen County Academies CK,
Bergen County Academies,NJ/US,Min & Seo,Bergen County Academies MS,
Boston Latin,MA/US,Chen & Jin,Boston Latin CJ,
Brentwood,TN/US,Thanigaivelan & Malhotra,Brentwood TM,
Carrollton,GA/US,Bush & Lee,Carrollton BL,
Carrollton,GA/US,Browning & Zimmer,Carrollton BZ,
Carrollton,GA/US,Hawkins & Houser,Carrollton HH,
Carrollton,GA/US,Johnson & Kelly,Carrollton JK,
Carrollton,GA/US,Zimmer & Long,Carrollton ZL,
Charlotte Latin,NC/US,Shan & Willett,Charlotte Latin SW,
Charter School of Wilmington,DE/US,Mukherjee & Rajagopalan,Charter School of Wilmington MR,
College Prep,CA/US,Boykin & Huang,College Prep BH,
College Prep,CA/US,Chung & Wolff-Merovick,College Prep CW,
College Prep,CA/US,Desai & Sakhrani,College Prep DS,
College Prep,CA/US,Elassaad & Ratna,College Prep ER,
College Prep,CA/US,Yu & Zhu,College Prep YZ,
Cranbrook,MI/US,Feng & Wei,Cranbrook FW,
Del Norte,CA/US,Ji & Zhang,Del Norte JZ,
Del Norte,CA/US,Ni & Zhang,Del Norte NZ,
Denver East,CO,Frisby & Nitczynski,Denver East FN,
East Ridge,MN/US,Bhushan & Liu,East Ridge BL,
El Camino Real Charter,CA/US,Lehavi & Dave,El Camino Real Charter LD,
Glen Rock,NJ/US,Liang & Kreibich,Glen Rock LK,
Great Neck North,NY/US,levine & Ye,Great Neck North YL,
Hathaway Brown,OH/US,Gandhi & Sangani,Hathaway Brown GS,
Horace Mann,NY/US,Akbar & Chang,Horace Mann AC,
Horace Mann,NY/US,Goldman & Fazal,Horace Mann GF,
Horace Mann,NY/US,Nandi & Duncan,Horace Mann ND,
Horace Mann,NY/US,Paulson & Levinson,Horace Mann PL,
Horace Mann,NY/US,Schreiber & Pande,Horace Mann SP,
Hunter,NY/US,Mak & Tang,Hunter MT,
JR Masterman,PA/US,Chancey & Anastasi,JR Masterman CA,
James Madison,VA/US,Kaplan & Pemble,James Madison KP,
Langley,VA/US,Chun & Frey,Langley CF,
Langley,VA/US,Rakasi & Shah,Langley RS,
Leland,CA/US,Lu & Mittal,Leland LM,
Leland,CA/US,Luu & Yu,Leland LY,
Leland,CA/US,Xie & Xie,Leland XX,
Leland,CA/US,Yu & Lee,Leland YL,
Lexington,MA/US,Fan & Sethi,Lexington FS,
Lower Merion,PA/US,Shepard & Steingard,Lower Merion SS,
Lynbrook,CA/US,Bhethanabotla & Kamchetty,Lynbrook BK,
Lynbrook,CA/US,Patel & Choudhary,Lynbrook PC,
Lynbrook,CA/US,Singhal & Jain,Lynbrook SJ,
McLean,VA/US,Hu & Wu,McLean HW,
McLean,VA/US,Wilson & Lan,McLean WL,
Middleton,WI/US,Huang & Liang,Middleton HL,
Middleton,WI/US,Pasikanti & Prakash,Middleton PP,
Millburn,NJ/US,Agarwal & Klein,Ben Klein,
Millburn,NJ/US,Cheng & Ostrowski,Millburn CO,
Millburn,NJ/US,Liu & Wang,Millburn LW,
Milpitas,CA/US,Katkar & Jang,Milpitas KJ,
Mission San Jose,CA/US,Kodnani & Kao,Mission San Jose KK,
Montgomery Blair,MD/US,Guha & Nam,Montgomery Blair GN,
Montgomery Blair,MD/US,Goldin & Shao,Montgomery Blair GS,
Montgomery Blair,MD/US,Joseph & Tang,Montgomery Blair JT,
Montgomery Blair,MD/US,Liu & Fan,Montgomery Blair LF,
Montgomery,NJ/US,Zhu & Haider Janjua,Montgomery ZH,
Mountain House,CA/US,Prashanth & Bhatnagar,Rohin Prashanth,
Mountain House,CA/US,Bharathiraja & Kumar,Mountain House BK,
Mountain House,CA/US,Pasupulati & Narayanan,Mountain House PN,
Mountain House,CA/US,Wicaksono & Janganure,Mountain House WJ,
Newton South,MA/US,Anthony & Ruan,Newton South AR,
Newton South,MA/US,Chang & Fankhauser,Newton South CF,
Newton South,MA/US,Chand & Liu,Newton South CL,
Newton South,MA/US,Dror & Fiete,Newton South DF,
Newton South,MA/US,Guan & Kapoor,Newton South GK,
Newton South,MA/US,Menon & Hurwitz,Newton South MH,
Newton South,MA/US,Widder & Pianykh,Newton South WP,
Newton South,MA/US,Yao & Chandok,Newton South YC,
North Allegheny,PA/US,Palagani & Bellamkonda,North Allegheny PB,
Notre Dame San Jose,CA/US,Bhardwaj & Chaturvedi,Notre Dame San Jose BC,
Palo Alto,CA/US,Huang & Kim,Palo Alto HK,
Pembroke Pines Charter,FL,Derisma & Basnyet,Pembroke Pines Charter DB,
Pembroke Pines Charter,FL,Poore & Suresh,Pembroke Pines Charter PS,
Pine View,FL/US,Deverdzic & Lewis,Pine View DL,
Princeton,NJ/US,Banerjee & Margulis,Princeton BM,
Princeton,NJ/US,Ghiuvea & Caracalos,Princeton GC,
Princeton,NJ/US,Hagedorn & Pittman,Princeton HP,
Princeton,NJ/US,Vedula & Mian,Princeton VM,
Ravenwood,TN/US,Jacob & MacGurn,Ravenwood JM,
Ravenwood,TN/US,Mazumdar & Koranne,Ravenwood MK,
Regis,NY/US,Agarwala & Quaglia,Regis AQ,
Regis,NY/US,Bajada & Katoanga,Regis BK,
Regis,NY/US,Cihra & Joel,Regis CJ,
Regis,NY/US,Flanigan & Jones,Regis FJ,
Regis,NY/US,Healey & Tinson,Regis HT,
Regis,NY/US,Kane & Stesner,Regis KS,
Regis,NY/US,Lee & Platt,Regis LP,
Richard Montgomery,MD/US,Chang & Wong,Richard Montgomery CW,
Richard Montgomery,MD/US,Deng & Wang,Richard Montgomery DW,
Richard Montgomery,MD/US,Lam & Xie,Richard Montgomery LX,
Riverdale Country,NY/US,Gold & Mehra,Riverdale Country GM,
Scarsdale,NY,Liu & Liu,Scarsdale LL,
Scarsdale,NY,Yang & Lee,Scarsdale YL,
Sharon,MA/US,Kaul & Siddiqi,Sharon KS,
St Luke's,CT/US,Gerber & Gilrain-Lennon,St Luke's GG,
St Luke's,CT/US,Welch & Memon,St Luke's WM,
Strake Jesuit College Prep,TX/US,Guo & Holmes,Strake Jesuit  GH,
Stuyvesant,NY/US,Lin & Patel,Stuyvesant LP,
Stuyvesant,NY/US,Makino-Siller & Roy,Stuyvesant MR,
Stuyvesant,NY/US,Panas & Tung,Stuyvesant PT,
Stuyvesant,NY/US,Virata & Mazzoleni,Stuyvesant VM,
Bronx Science,NY/US,Bost & Conner,Bronx Science BC,
Bronx Science,NY/US,Kupferberg & LaFleur,Bronx Science KL,
Chapin,NY/US,Millerman & Sinaiko,Chapin MS,
Chapin,NY/US,Wolf & Izmirly,Chapin WI,
Dalton,NY/US,Mehta & Bickici,Dalton MB,
Dalton,NY/US,Maduraperuma & Smith,Dalton MS,
Kinkaid,TX/US,Lara & Tang,Kinkaid LT,
Masters,NY/US,Lovitt & Rolston,Masters LR,
Potomac,VA/US,Ruggeri & Endale,Potomac RE,
Spence,NY/US,Chu & Chu,Spence CC,
Trinity,NY,Baatz & Lee,Trinity BL,
Trinity,NY,Lopez-Oña & Chae,Trinity LC,
Trinity,NY,Martin & Cipriano,Trinity MC,
Theodore Roosevelt,IA/US,Goldsberry & Alg-Liening,Theodore Roosevelt GA,
Theodore Roosevelt,IA/US,Hayes & Lundy,Theodore Roosevelt HL,
Thomas Jefferson HSST,VA/US,Khandelwal & Li,Thomas Jefferson HSST KL,
Thomas S. Wootton,MD/US,Dai & Tian,Thomas S. Wootton DT,
Thomas S. Wootton,MD/US,Mahmoud & Puri,Thomas S. Wootton MP,
Upper St Clair,PA/US,Chen & Vilensky,Upper St Clair CV,
Westfield,NJ/US,Donnelly & Ma,Westfield DM,
Westlake,TX/US,Chu & Rajanna,Westlake CR,
Westlake,TX/US,Kasturi & Wadhwa,Westlake KW,
Winston Churchill,MD/US,Hill & Tang,Winston Churchill HT,