Institution,Location,Entry,Code,Record
Academy at Palumbo,PA/US,Semmel & Cutrone,Academy at Palumbo CS,
Acton-Boxborough,MA/US,Goel & Adusumilli,Acton-Boxborough GA,
Acton-Boxborough,MA/US,Gupta & Wu,Acton-Boxborough GW,
Acton-Boxborough,MA/US,Katarki & Xie,Acton-Boxborough KX,
Acton-Boxborough,MA/US,Narra & Shroff,Acton-Boxborough NS,
Acton-Boxborough,MA/US,Sundaram & Goli,Acton-Boxborough SG,
Acton-Boxborough,MA/US,Sivasenthil & Gollapudi,Acton-Boxborough SiGo,
Avenues: The World,NY/US,Brashear & Chen,Avenues: The World BC,
Avenues: The World,NY/US,Yi & Jacques,Avenues: The World JY,
Awty International,TX/US,Zhao & Zhang,Awty International ZZ,
BASIS Independent McLean,VA/US,Bhandari & Rask,BASIS Independent McLean BR,
Bergen County Academies,NJ/US,Park & Lee,Bergen County Academies LP,
Bergen County Academies,NJ/US,Sim & Liu,Bergen County Academies SL,
Blake,MN/US,Banatwala & Liu,Blake BL,
Blake,MN/US,Chen & Balachander,Blake CB,
Blake,MN/US,Chen & Kurdikar,Blake CK,
Blake,MN/US,Olson & Redmond,Blake OR,
Boston Latin,MA/US,Li & Parsi,Boston Latin PL,
Brearley,NY/US,Carlson & Dische,Brearley DC,
Bronx Science,NY/US,Muñoz & Namgyal,Bronx Science NM,
Bronx Science,NY/US,Tan & Tsao,Bronx Science TT,
Brooklyn Technical,NY/US,Begelman & Ghenzeli,Brooklyn Technical GB,
Brooklyn Technical,NY/US,Ademi & Jones,Brooklyn Technical JA,
Brooklyn Technical,NY/US,Budin & Johnson,Brooklyn Technical JB,
Brooklyn Technical,NY/US,Dobran & Linkh,Brooklyn Technical LD,
Brooklyn Technical,NY/US,Sarcos & Urban,Brooklyn Technical SU,
Brooklyn Technical,NY/US,Winiewski & Kakumanu,Brooklyn Technical WK,
Browning,NY,Bianchi & Levenglick,Browning BL,
Browning,NY,Liftin & Kang,Browning KL,
Browning,NY,Guo & Moon,Browning MG,
Browning,NY,Rance & Regier,Browning RR,
Browning,NY,Sadowski & Syed,Browning SS,
Byram Hills,NY/US,Cai & Feng,Byram Hills CF,
Canyon Crest,CA/US,Song & Fehmi,Canyon Crest SF,
Canyon Crest,CA/US,Wang & Synn,Canyon Crest WS,
Chapin,NY/US,Delcarmen & Kiplok,Chapin DK,
Chapin,NY/US,Millerman & Sinaiko,Chapin MS,
Charlotte Latin,NC/US,Willett & Berman,Charlotte Latin BW,
Charlotte Latin,NC/US,Gaddam & Rao,Charlotte Latin GR,
Charlotte Latin,NC/US,Gaddam & Wu,Charlotte Latin GW,
Collegiate,NY/US,Azad & Wang,Collegiate AW,
Collegiate,NY/US,Jean-Charles & Kulman,Collegiate JK,
Collegiate,NY/US,Ewart & Yan,Collegiate YE,
Cypress Bay,FL/US,Kalia & Chittiprol,Cypress Bay CK,
Cypress Bay,FL/US,Patel & Charania,Cypress Bay CP,
Cypress Bay,FL/US,Maddineni & Jain,Cypress Bay MJ,
Dalton,NY/US,Saravanan & Chaisanguanthum,Dalton SC,
Delbarton,NJ/US,Aiello & Xu,Delbarton AX,
Delbarton,NJ/US,Ehrenberg & Ross,Delbarton ER,
Delbarton,NJ/US,Valiveti & D'Souza,Delbarton VD,
Dulles,TX/US,Li & Huang,Dulles LH,
Durham,NC/US,Erden & Sevik,Durham ES,
Durham,NC/US,Tsui & Schulz,Durham ST,
East Ridge,MN/US,Singh & Jung,East Ridge JS,
East Ridge,MN/US,Mohta & Venkat,East Ridge MV,
Eden Prairie,MN/US,Virdi & Virdi,Eden Prairie VV,
Fairmont Prep,CA/US,Harrison & Chang,Fairmont Prep HC,
Fairmont Prep,CA/US,Kang & Tsai,Fairmont Prep KT,
Fairmont Prep,CA/US,Patel & Patel,Fairmont Prep PP,
Fairmont Prep,CA/US,Patel & Shah,Fairmont Prep PS,
Fairmont Prep,CA/US,Shah & Savdharia,Fairmont Prep SS,
George Washington,CO/US,Burness & Chenard,George Washington CB,
George Washington,CO/US,Duffy & Holguin,George Washington DH,
George Washington,CO/US,Stout & Forstot,George Washington SF,
Germantown,PA/US,Swartz & Hu,Germantown HS,
Hawken,OH/US,Honda & Kislyansky,Hawken HK,
Hawken,OH/US,Joyce & Miyares,Hawken MJ,
Horace Mann,NY/US,Benson & Fong,Horace Mann FB,
Horace Mann,NY/US,Ho & Ji,Horace Mann HJ,
Horace Mann,NY/US,Gao & Jain,Horace Mann JG,
Horace Mann,NY/US,Kapadia & Shah,Horace Mann SK,
Horace Mann,NY/US,Cheng & Tsai,Horace Mann TC,
Horace Mann,NY/US,Venkateswaran & Krikorian,Horace Mann VK,
Horace Mann,NY/US,Wu & Paksima,Horace Mann WP,
HS of American Studies,NY/US,Grossman & Allen,HS of American Studies AG,
HS of American Studies,NY/US,Hammer & Mendez,HS of American Studies HM,
HS of American Studies,NY/US,Harris & Prete,HS of American Studies HP,
Hunter,NY/US,Bailey & Gottlieb,Hunter BG,
Hunter,NY/US,Chen & Dickerson,Hunter CD,
Hunter,NY/US,Cordova & Tadipatri,Hunter CT,
Hunter,NY/US,Jetley & Khuu,Hunter JK,
Hunter,NY/US,Shivam & Schonfeld,Hunter SS,
Hunter,NY/US,Tang & Varah,Hunter TV,
Hunter,NY/US,Theisen & Weiss,Hunter TW,
Hunter,NY/US,Wan & Turner-Walkowitz,Hunter WaTu,
Hunter,NY/US,Wu & Tsung,Hunter WT,
JR Masterman,PA/US,Albert & Samara-Reuter,JR Masterman AS,
JR Masterman,PA/US,Sorrentino & Eggerts,JR Masterman SE,
JR Masterman,PA/US,Weisz & Erdman,JR Masterman WE,
Lakeville North,MN/US,Lester & Maharjan,Lakeville North LM,
Lakeville North,MN/US,Shao & Wells,Lakeville North SW,
Lakeville North,MN/US,Tung & Zheng,Lakeville North TZ,
Lakeville South,MN/US,McDonald & Berntson,Lakeville South MB,
Langley,VA/US,Bazaz & Gu,Langley BG,
Langley,VA/US,Le & Jiang,Langley JL,
Langley,VA/US,Reshetnyak & Li,Langley LR,
Langley,VA/US,Rakasi & Chun,Langley RC,
Lexington,MA/US,Guo & Nandy,Lexington GN,
Lexington,MA/US,Guo & Xu,Lexington GX,
Lexington,MA/US,Hassan & Boyanapalli,Lexington HB,
Lexington,MA/US,Kuchibhotla & Meka,Lexington MK,
Lexington,MA/US,Ma & Liu,Lexington ML,
Lexington,MA/US,Qian & Zhang,Lexington QZ,
Lexington,MA/US,Revankar & Raythatha,Lexington RR,
Lexington,MA/US,Sethi & Ma,Lexington SM,
Lexington,MA/US,Pokharna & Shah,Lexington SP,
Lexington,MA/US,Deb-Bhattacharyya & Yang,Lexington YD,
Lincoln-Sudbury,MA/US,Chen & Rani,Lincoln-Sudbury CR,
Lincoln-Sudbury,MA/US,Khan & Ham,Lincoln-Sudbury KH,
Maret,DC/US,Das & Gordon,Maret DG,
Maret,DC/US,Hernandez & Lee,Maret HL,
Masters,NY/US,Jansky & Panos,Masters JP,
Masters,NY/US,Levine & Rolston,Masters LR,
Millburn,NJ/US,Tiwari & Paliwal,Millburn TP,
Millburn,NJ/US,Wang & Chen,Millburn WC,
Millburn,NJ/US,Xia & Sinha,Millburn XS,
Molloy,NY/US,Contreras & Lukose,Molloy CL,
Molloy,NY/US,Nunag & Nolan,Molloy NN,
Montgomery Blair,MD/US,Li & Tang,Montgomery Blair LT,
Montville,NJ/US,Jain & Gokaraju,Montville GJ,
Montville,NJ/US,Macharla & Mohammed,Montville MM,
Montville,NJ/US,Gontla & Patel,Montville PG,
Montville,NJ/US,Srinivas & Shamsudin,Montville SS,
Montville,NJ/US,Wang & Zhang,Montville ZW,
Mountain Lakes,NJ/US,Fu & Han,Mountain Lakes HF,
NSU,FL/US,Pearl & Capricien,NSU CP,
Nueva,CA/US,Alferness & Hayward,Nueva AH,
Nueva,CA/US,Chan & Gupta,Nueva CG,
Nueva,CA/US,Soral & Emanuel,Nueva ES,
Poly Prep Country Day,NY/US,Barbiere & Barbiere,Poly Prep Country Day BB,
Poly Prep Country Day,NY/US,Batliboi & Londoner,Poly Prep Country Day LB,
Poly Prep Country Day,NY/US,Menegatos & Howell,Poly Prep Country Day MH,
Princeton,NJ/US,Gonzalez & Sama,Princeton GS,
Princeton,NJ/US,Ren & Jain,Princeton RJ,
Princeton,NJ/US,Wu & Tauro,Princeton WT,
Regis,NY/US,Augustine & Damato,Regis AD,
Regis,NY/US,Augustine & Lauriello,Regis AL,
Regis,NY/US,Charest & O'Sullivan,Regis CO,
Regis,NY/US,Filocamo & McElfresh,Regis FM,
Regis,NY/US,Grande & Grondin,Regis GG,
Regis,NY/US,McCormack & Kearns,Regis KM,
Regis,NY/US,Liew & Napoli,Regis LN,
Regis,NY/US,Napoli & Prisament,Regis NP,
Regis,NY/US,O'Sullivan & O'Toole,Regis OO,
Richard Montgomery,MD/US,Xie & Chung,Richard Montgomery CX,
Richard Montgomery,MD/US,Wei & Yuan,Richard Montgomery WY,
Ridge,NJ/US,Hira & Li,Ridge LH,
Ridge,NJ/US,Liu & Terli,Ridge LT,
Ridge,NJ/US,Sherman & Sateeja,Ridge SS,
River Hill,MD/US,Bi & Tang,River Hill BT,
Scarsdale,NY/US,Chen & Zhang,Scarsdale CZ,
Scarsdale,NY/US,He & Wang,Scarsdale HW,
Scarsdale,NY/US,Zhang & Liu,Scarsdale ZL,
Southlake Carroll,TX/US,Kilaru & Athipatla,Southlake Carroll AK,
Southlake Carroll,TX/US,Bakshi & Sharma,Southlake Carroll BS,
Southlake Carroll,TX/US,Das & Sanghavi,Southlake Carroll DS,
Southlake Carroll,TX/US,Dharani & Tamirisa,Southlake Carroll DT,
Southlake Carroll,TX/US,Wang & Golla,Southlake Carroll GW,
St Luke's,CT/US,Memon & Welch,St Luke's WM,
Strake Jesuit College Prep,TX/US,Guo & Zhao,Strake Jesuit  GZ,
Strake Jesuit College Prep,TX/US,Holmes & Haire,Strake Jesuit  HH,
Strake Jesuit College Prep,TX/US,Wu & Hablinski,Strake Jesuit  HW,
Strake Jesuit College Prep,TX/US,Merchant & Haire,Strake Jesuit  MH,
Strake Jesuit College Prep,TX/US,Hadi & Murthy,Strake Jesuit  MuHa,
Strake Jesuit College Prep,TX/US,Stratton & Zhao,Strake Jesuit  SZ,
Strath Haven,PA/US,Dudley & Zhu,Strath Haven DZ,
Strath Haven,PA/US,Foster & Yi,Strath Haven FY,
Strath Haven,PA/US,Shao & Zhang,Strath Haven SZ,
Strath Haven,PA/US,Zeibekis & Zhang,Strath Haven ZZ,
Stuyvesant,NY/US,Bovenzi & Devery Michaelson,Stuyvesant BD,
Stuyvesant,NY/US,Liang & Binyaminov,Stuyvesant BL,
Stuyvesant,NY/US,Goodman & Mahim,Stuyvesant GM,
Stuyvesant,NY/US,Mancini & Harrington,Stuyvesant MH,
Stuyvesant,NY/US,Tung & Li,Stuyvesant TL,
Stuyvesant,NY/US,Zheng & Purohit,Stuyvesant ZP,
Success Academy HSLA-HARLEM,NY,camara & Ndiaye,Success Academy HSLA-HARLEM CN,
Summit,NJ/US,Patel & Au-Yeung,Summit AP,
Summit,NJ/US,Arora & Yang,Summit AY,
Summit,NJ/US,Bhatia & Malik,Summit BM,
Summit,NJ/US,Liang & Davies,Summit LD,
Summit,NJ/US,Mudgal & Tham,Summit TM,
Summit,NJ/US,Zahtila & Sood,Summit ZS,
Syosset,NY/US,Meng & Zhao,Syosset MZ,
Thomas S. Wootton,MD/US,Tian & Tang,Thomas S. Wootton TT,
Trinity,NY/US,Achuthan & Spitzer,Trinity AS,
Trinity,NY/US,Thacker & Jackson,Trinity JT,
Trinity,NY/US,Guan & Masella,Trinity MG,
Westfield Senior,NJ/US,Donnelly & Blaustein,Westfield Senior DB,