Institution,Location,Entry,Code,Record
Academy at Palumbo,PA/US,Cutrone & Semmel,Academy at Palumbo CS,
Acton-Boxborough,MA/US,Gollapudi & Sivasenthil,Acton-Boxborough GS,
Acton-Boxborough,MA/US,Gupta & Wu,Acton-Boxborough GW,
Acton-Boxborough,MA/US,Kupova & Haswani,Acton-Boxborough HK,
Acton-Boxborough,MA/US,Katarki & Xie,Acton-Boxborough KX,
Acton-Boxborough,MA/US,Liu & Li,Acton-Boxborough LL,
Acton-Boxborough,MA/US,Narra & Shroff,Acton-Boxborough NS,
Acton-Boxborough,MA/US,Nagarkar & Wang,Acton-Boxborough NW,
Acton-Boxborough,MA/US,Sundaram & Goli,Acton-Boxborough SG,
Acton-Boxborough,MA/US,Maxwell & Shin,Acton-Boxborough SM,
Acton-Boxborough,MA/US,Su & Stein,Acton-Boxborough SS,
Acton-Boxborough,MA/US,Sun & Graia,Acton-Boxborough SuGr,
Acton-Boxborough,MA/US,Saravanan & Wang,Acton-Boxborough SW,
Alliance,GA/US,Ranjit & Yoon,Alliance RY,
American Heritage Broward,FL/US,Cohen & Fateev,American Heritage Broward CF,
American Heritage Broward,FL/US,Chen & Kellogg,American Heritage Broward CK,
American Heritage Broward,FL/US,Ciril & Sasson,American Heritage Broward CS,
American Heritage Broward,FL/US,Glebov & Wu,American Heritage Broward GW,
American Heritage Broward,FL/US,Jos & Allain-Tereshchenko,American Heritage Broward JA,
American Heritage Broward,FL/US,Pinto & Charania,American Heritage Broward PC,
American Heritage Broward,FL/US,Schwartz & Shin,American Heritage Broward SS,
American Heritage Broward,FL/US,Wu & Vasilyev,American Heritage Broward WV,
Ardrey Kell,NC/US,Ahsan & She,Ardrey Kell AS,
Ardrey Kell,NC/US,Nelatoor & Saraswatula,Ardrey Kell NS,
Arizona Chandler,AZ/US,Duggirala & Sreekantan,Arizona Chandler DS,
Arlington,MA/US,Lay & Carman,Arlington LC,
Atlantic Independent,GA/US,Chen & Nuthalapati,Atlantic Independent CN,
Avenues: The World,NY/US,Yi & Jacques,Avenues: The World JY,
BASIS Peoria Independent,AZ/US,Ashok & Lohani,BASIS Peoria Independent AL,
BASIS Peoria Independent,AZ/US,Chae & Leo,BASIS Peoria Independent CL,
BASIS Peoria Independent,AZ/US,Vattikuti & Guru,BASIS Peoria Independent GV,
BASIS Peoria Independent,AZ/US,Korpe & Cho,BASIS Peoria Independent KC,
BASIS Peoria Independent,AZ/US,Kusurkar & Moon,BASIS Peoria Independent KM,
Bay Area Independent,CA/US,Koneru & Solanki,Bay Area Independent KS,
Bay Area Independent,CA/US,Liu & Parang,Bay Area Independent LP,
BC Academy,BC/CA,Kim & Xie,BC Academy KX,
Bellaire,TX/US,Chen & Liu,Bellaire CL,
Bellaire,TX/US,Cheng & Xia,Bellaire CX,
Bergen County Academies,NJ/US,Aiyer & Lee,Bergen County Academies AL,
Bergen County Academies,NJ/US,Kashyap & Li,Bergen County Academies KL,
Bergen County Academies,NJ/US,Sim & Liu,Bergen County Academies SL,
Bergen Independent,NJ/US,Maheshwari & Vignes,Bergen Independent VM,
Bergen,NJ/US,Wu & Kim,Bergen WK,
Blake,MN/US,Ali & Unglaub,Blake AU,
Blake,MN/US,Du & Mao,Blake DM,
Blake,MN/US,Farhan & Pham,Blake FP,
Boston Latin,MA/US,Parsi & Li,Boston Latin PL,
Brearley,NY/US,Carlson & Dische,Brearley DC,
Bronx Science,NY/US,Akella & Emery,Bronx Science AE,
Bronx Science,NY/US,Birman & Koo,Bronx Science BK,
Bronx Science,NY/US,Buchalter & Makino Siller,Bronx Science BM,
Bronx Science,NY/US,Comisarow & Croft,Bronx Science CC,
Bronx Science,NY/US,Isaacs & Branch,Bronx Science IB,
Bronx Science,NY/US,Namgyal & Muñoz,Bronx Science MN,
Bronx Science,NY/US,Sweet & Einhorn,Bronx Science SE,
Bronx Science,NY/US,Sander & Moser,Bronx Science SM,
Brophy,AZ/US,Rizvi & Khurana,Brophy RK,
Cabot,AR/US,Haddock & Tucker,Cabot HT,
Campbell Hall,CA/US,Bart & McCullers,Campbell Hall BM,
Campbell Hall,CA/US,Dumontet & Kosloff,Campbell Hall DK,
Canyon Crest,CA/US,Asuri & Rupareliya,Canyon Crest AR,
Canyon Crest,CA/US,Cociorva & Song,Canyon Crest CS,
Canyon Crest,CA/US,Shi & Xiong,Canyon Crest SX,
Canyon Crest,CA/US,Wu & Fehmi,Canyon Crest WF,
Canyon Crest,CA/US,Wang & Synn,Canyon Crest WS,
Carmel,IN/US,Hu & Zhang,Carmel HZ,
Carmel,IN/US,Kannan & Li,Carmel KL,
Carmel,IN/US,Goel & Xia,Carmel XG,
Cary Acad,NC/US,Liu & Jagannath,Cary Acad LJ,
Cary Acad,NC/US,Lin & Wang,Cary Acad LW,
Cary Acad,NC/US,Ravulapati & Jung,Cary Acad RJ,
CDI,ON/CA,Bhandari & Motivala,CDI BM,
Chapin,NY/US,Berger & Smith,Chapin BS,
Chapin,NY/US,Millerman & Sinaiko,Chapin MS,
Charlotte Latin,NC/US,Chandra & Rao,Charlotte Latin RC,
Charlotte Latin,NC/US,Willett & Berman,Charlotte Latin WB,
Charlotte Latin,NC/US,Gaddam & Wu,Charlotte Latin WG,
Christopher Columbus,FL/US,Chazarreta & Alonso,Christopher Columbus CA,
College Prep,CA/US,Falk & Sabnani,College Prep FS,
Colorado,CO/US,Korenblat & Miller,Colorado MK,
Cranbrook,MI/US,Chen & Gan,Cranbrook CG,
Cranbrook,MI/US,Dong & Lee,Cranbrook DL,
Cranbrook,MI/US,Feng & Qian,Cranbrook FQ,
Cranbrook,MI/US,Huang & Zhang,Cranbrook HZ,
Cranbrook,MI/US,Lu & Yang,Cranbrook LY,
Cranbrook,MI/US,Wu & Tang,Cranbrook WT,
Cranbrook,MI/US,Wang & Zhang,Cranbrook WZ,
Cranbrook,MI/US,Yeh & Xie,Cranbrook YX,
Darty Boys,VA/US,Bhattachan & Wang,Darty Boys BW,
Darty Boys,VA/US,Im & Galagali,Darty Boys GI,
Darty Boys,VA/US,Sun & Wang,Darty Boys SW,
Debate Oasis,WA/US,Kothari & Sidhu,Debate Oasis KS,
Del Norte,CA/US,Choubey & Shah,Del Norte SC,
Del Norte,CA/US,Ni & Zhang,Del Norte ZN,
Delbarton,NJ/US,Aiello & Xu,Delbarton AX,
Delbarton,NJ/US,Ehrenberg & Patel,Delbarton EP,
Delbarton,NJ/US,Xu & Ross,Delbarton XR,
Delores Taylor Arthur School for Young Men,LA/US,Warren & Schreiber,Delores Taylor Arthur School for Young Men WS,
Denver East,CO/US,Penner & Rasmussen,Denver East PR,
Dougherty Valley,CA/US,Shah & Mehta,Dougherty Valley MS,
Durham,NC/US,Erden & Sevik,Durham ES,
Durham,NC/US,Pamula & Knowles,Durham PK,
Durham,NC/US,Chui & Spitzer,Durham SC,
Durham,NC/US,Tsui & Schulz,Durham TS,
Eagan,MN/US,Jena & Sajja,Eagan JS,
Eagan,MN/US,Davis & Kalyan,Eagan KD,
Eagle Independent,CA/US,Mishra & Raghav,Eagle Independent MR,
Eagle Independent,CA/US,Tewari & Lee,Eagle Independent TL,
East Ridge,MN/US,Jung & Singh,East Ridge JS,
East Ridge,MN/US,Mohta & Venkat,East Ridge MV,
Eden Prairie,MN/US,Virdi & Virdi,Eden Prairie VV,
Edgewood,WI/US,Morsbach & Bugni,Edgewood MB,
Edina,MN/US,Meredith & Elmi,Edina ME,
Edina,MN/US,Watz & Slobin,Edina WS,
Emerald,CA/US,Agarwal & Agrawal,Emerald AA,
Emerald,CA/US,Baindla & Xu,Emerald BX,
Emerald,CA/US,Gairola & Karur-Parekh,Emerald GK,
Emerald,CA/US,Goswami & Mamidi,Emerald GM,
Emerald,CA/US,Gabada & Nookala,Emerald GN,
Emerald,CA/US,Krishnakumar & Vegunta,Emerald KV,
Emerald,CA/US,Saravanan & Liao,Emerald LS,
Emerald,CA/US,Odugu & Savanur,Emerald SO,
Equality Independent,TX/US,Kim & Tarikere,Equality Independent KT,
Fairmont Prep,CA/US,Harrison & Chang,Fairmont Prep HC,
Fairmont Prep,CA/US,Ji & Lunde,Fairmont Prep JL,
Fairmont Prep,CA/US,Kang & Tsai,Fairmont Prep KT,
Fairmont Prep,CA/US,Patel & Patel,Fairmont Prep PP,
Fairmont Prep,CA/US,Shah & Patel,Fairmont Prep SP,
Fairmont Prep,CA/US,Savdharia & Shah,Fairmont Prep SS,
Flintridge Prep,CA/US,Cooper & Bae,Flintridge Prep CB,
Flintridge Prep,CA/US,Sun & Tasanont,Flintridge Prep ST,
Flintridge Prep,CA/US,Waldheim & Yoo,Flintridge Prep WY,
Flintridge Prep,CA/US,Zhao & Lavichant,Flintridge Prep ZL,
Foothill,CA/US,Jain & Tang,Foothill JT,
Foothill,CA/US,Kalairajah & Li,Foothill KL,
Fort Walton Beach,FL/US,Ward & Wiley,Fort Walton Beach WW,
Gabrielino,CA/US,Abrishami & Abrishami,Gabrielino AA,
Gabrielino,CA/US,Phung & Chan,Gabrielino PC,
Gabrielino,CA/US,Cisneros-Farber & Villagra,Gabrielino VC,
George Washington,CO/US,Wang & Holguin,George Washington WH,
Germantown,PA/US,Swartz & Hu,Germantown SH,
Golden State,CA/US,Liu & Li,Golden State LL,
Golden State,CA/US,Zhu & Cao,Golden State ZC,
Hamilton,AZ/US,Chen & Muccala,Hamilton CM,
Hamilton,AZ/US,Lin & Lin,Hamilton LL,
Hamilton,AZ/US,Nadimpalli & Prakash,Hamilton NP,
Hamilton,AZ/US,Lakkaraju & Yao,Hamilton YL,
Harbinger,CN,Yu & Xu,Harbinger YX,
Horace Mann,NY/US,Au & Gupta,Horace Mann AG,
Horace Mann,NY/US,Chang & Park,Horace Mann CP,
Horace Mann,NY/US,Gao & Jain,Horace Mann GJ,
Horace Mann,NY/US,Ji & Ho,Horace Mann JH,
Horace Mann,NY/US,Kapadia & Shah,Horace Mann KS,
Horace Mann,NY/US,Ogyaadu & Woodruff,Horace Mann OW,
Horace Mann,NY/US,Trokel & Zhao,Horace Mann TZ,
Horace Mann,NY/US,Wu & Paksima,Horace Mann WP,
Hunter,NY/US,Mak & Kraffczyk,Hunter MK,
Hunter,NY/US,Tadipatri & Cordova,Hunter TC,
Hunter,NY/US,Tang & Varah,Hunter TV,
Hunter,NY/US,Theisen & Weiss,Hunter TW,
Hunter,NY/US,Wu & Tsung,Hunter WT,
Huntington,WV/US,Carey-squire & Neginhal,Huntington CN,
Independence,CA/US,Gandhi & Shau,Independence GS,
Ivy Bridge,GA/US,Tapaswi & Kinnarkar,Ivy Bridge TK,
Johnston,IA/US,Bajpai & Qi,Johnston BQ,
Jordan,TX/US,Prabhu & Shah,Jordan SP,
JR Masterman,PA/US,Albert & Samara-Reuter,JR Masterman AS,
JR Masterman,PA/US,Sorrentino & Eggerts,JR Masterman SE,
JR Masterman,PA/US,Weisz & Erdman,JR Masterman WE,
Kinkaid,TX/US,Tang & Cai,Kinkaid TC,
Kinkaid,TX/US,Zhang & Yang,Kinkaid ZY,
Lake Highland Prep,FL/US,Arain & Martinez,Lake Highland Prep AM,
Lake Highland Prep,FL/US,Ahmad & Sambandam,Lake Highland Prep AS,
Lake Highland Prep,FL/US,Tella & Sant,Lake Highland Prep TS,
Lakeville North,MN/US,Lester & Maharjan,Lakeville North LM,
Lakeville North,MN/US,Tung & Zheng,Lakeville North TZ,
Lakeville South,MN/US,McDonald & Berntson,Lakeville South MB,
Lambert,GA/US,Liew & Guan,Lambert LG,
Lambert,GA/US,Myneni & Budda,Lambert MB,
Lambert,GA/US,Ramineni & Choi,Lambert RC,
Lambert South Independent,MA/US,Brown & Telio,Lambert South Independent BT,
Lambert South Independent,MA/US,Dalzell & Miller,Lambert South Independent DM,
Lambert South Independent,MA/US,Kapoor & Chandok,Lambert South Independent KC,
Lambert South Independent,MA/US,Tendulkar & Pang,Lambert South Independent PT,
Lambert,GA/US,Mukker & Yoo,Lambert YM,
Langley,VA/US,Qiao & Li,Langley LQ,
Laurel,OH/US,Dodla & Rosenfeld,Laurel DR,
Leland,CA/US,Jamdar & Wang,Leland JW,
Leland,CA/US,Iyer & Kumar,Leland KI,
Leland,CA/US,Manral & Bansal,Leland MB,
Leland,CA/US,Rao & Madhav,Leland MR,
Leland,CA/US,Yu & Lee,Leland YL,
Lexington,MA/US,Boyanapalli & Hassan,Lexington BH,
Lexington,MA/US,Nandy & Guo,Lexington NG,
Lexington,MA/US,Pokharna & Shah,Lexington PS,
Lexington,MA/US,Revankar & Raythatha,Lexington RR,
Lincoln-Sudbury,MA/US,Khan & Ham,Lincoln-Sudbury HK,
Lincoln-Sudbury,MA/US,Rani & Chen,Lincoln-Sudbury RC,
Livingston,NJ/US,Nistala & Sur,Livingston NS,
Livingston,NJ/US,Shah & Volkov,Livingston SV,
Livingston,NJ/US,Zhang & Zhang,Livingston ZZ,
Lynbrook,CA/US,Patel & Loonawat,Lynbrook PL,
Magnolia,TX/US,Wu & Zhong,Magnolia WZ,
Magnolia,TX/US,Zhang & Zhang,Magnolia ZZ,
Maret,DC/US,Das & Gordon,Maret DG,
Maret,DC/US,Hernandez & Lee,Maret HL,
Matthew Munchkin,GA/US,Dsilva & Engle,Matthew Munchkin DE,
MCD Prep,MI/US,Zhao & Cao,MCD Prep CZ,
McLean,VA/US,Wilson & Kang,McLean KW,
McLean,VA/US,Kim & Zou,McLean KZ,
McLean,VA/US,Wu & Jiang,McLean WJ,
Middleton Independent,WI/US,Huang & Jha,Middleton Independent HJ,
Millburn,NJ/US,Xia & Paliwal,Millburn XP,
Milpitas,CA/US,Prabhakhar & Nguyen,Milpitas PN,
Milpitas,CA/US,Sana & Xie,Milpitas SX,
Mira Loma,CA/US,cantor & Gundimeda,Mira Loma CG,
Mira Loma,CA/US,Pradeep & Pradeep,Mira Loma PP,
Mira Loma,CA/US,Singhai & Ambalam Jagadish,Mira Loma SA,
Mission San Jose,CA/US,Doan & Bhattiprolu,Mission San Jose DB,
Mission San Jose,CA/US,Manami-Ratan & Gowda,Mission San Jose MG,
Mission San Jose,CA/US,Pala & Shah,Mission San Jose PS,
Mission San Jose,CA/US,Vashisht & Sood,Mission San Jose VS,
Mission San Jose,CA/US,Wudaru & Duhoon,Mission San Jose WD,
Monta Vista,CA/US,Tai & Goyal,Monta Vista TG,
Montville,NJ/US,Gontla & Patel,Montville PG,
Montville,NJ/US,Wang & Zhang,Montville ZW,
Mount Auburn Hospital Independent,MA/US,Adams & Xue,Mount Auburn Hospital Independent AX,
Mount Auburn Hospital Independent,MA/US,Choe & Morishita,Mount Auburn Hospital Independent MC,
Mountain Brook,AL/US,Holden & Long,Mountain Brook HL,
Mountain Brook,AL/US,Portera & Portera,Mountain Brook PP,
Mountain Lakes,NJ/US,Han & Fu,Mountain Lakes HF,
MSTW Independent,NJ/US,Mukherjee & Rawat,MSTW Independent MR,
MSTW Independent,NJ/US,Makode & Sankar,MSTW Independent MS,
MSTW Independent,NJ/US,Patel & Gvozdenovic,MSTW Independent PG,
MSTW Independent,NJ/US,Shah & Krish,MSTW Independent SK,
Myers Park,NC/US,McNairy & Price,Myers Park MP,
Myers Park,NC/US,Stewart & Frost,Myers Park SF,
National Debate Club (NDC),IL/US,Iyengar & Balu,National Debate Club (NDC) IB,
National Debate Club (NDC),IL/US,Mahatsente-Tewelde & Lee,National Debate Club (NDC) ML,
NAVI,NY/US,Lee & Hur,NAVI LH,
NC School Of Science and Math - Durham,NC/US,Kotrannavar & Shan,NC School Of Science and Math - Durham KS,
North Allegheny,PA/US,Du & Pak,North Allegheny DP,
North Allegheny,PA/US,Ghosh & Raajiv Sai,North Allegheny GR,
North Allegheny,PA/US,Kallavi & Hebbar,North Allegheny KH,
North Allegheny,PA/US,Nagarajan & Sunthar,North Allegheny NS,
Northside Prep,WA/US,Binu & nemani,Northside Prep BN,
Northside Prep,WA/US,Krishnakumar & Tang,Northside Prep KT,
Northside Prep,WA/US,Sridhar & Nath,Northside Prep NS,
Northside Prep,WA/US,Yoon & Padwalkar,Northside Prep PY,
Northside Prep,WA/US,Ramanathan & Bie,Northside Prep RB,
Northside Prep,WA/US,Ramaswamy & Rajesh,Northside Prep RR,
Northside Prep,WA/US,Wu & Zheng,Northside Prep ZW,
Notre Dame San Jose,CA/US,Yu & Appalakutty,Notre Dame San Jose YA,
Oakwood,OH/US,O'Hara & Saxen,Oakwood SO,
Oxbridge Academy of the Palm Beaches,FL/US,Conroy & Ramprasad,Oxbridge Academy of the Palm Beaches CR,
Palm Beach Independent,FL/US,Mason & McDowell,Palm Beach Independent MM,
Palm Harbor,FL/US,Alandary & Jansson,Palm Harbor AJ,
Palm Harbor,FL/US,Mrkva & Lawrence,Palm Harbor ML,
Palo Verde,NV/US,Anderson & Cisneros,Palo Verde AC,
Papaya Valley,CA/US,Corbu & Nagulapalli,Papaya Valley NC,
Park City,UT/US,Kuck & Gladson,Park City KG,
Park City,UT/US,Minter & Dildy,Park City MD,
Pembroke Pines Charter,FL/US,Aronson & Basnyet,Pembroke Pines Charter AB,
Pembroke Pines Charter,FL/US,Young & Ortiz,Pembroke Pines Charter YO,
Phoenix Country Day,AZ/US,Aggarwal & Robertson,Phoenix Country Day AR,
Pittsburgh Central Catholic,PA/US,Gandhi & Gabrielse,Pittsburgh Central Catholic GG,
PJ,NY/US,Jansky & Panos,PJ JP,
Poolesville,MD/US,Dave & Hou,Poolesville DH,
Potomac,MD/US,Belday & U,Potomac BU,
Potomac,MD/US,Gopal & Johnsen,Potomac GJ,
Potomac,VA/US,Leifer & Mankovsky,Potomac LM,
Potomac,MD/US,Newbill & Puvvada,Potomac NP,
Potomac,MD/US,Peddibhotla & Qin,Potomac PQ,
Potomac,MD/US,Salganick & Uppalapati,Potomac SU,
Potomac,MD/US,Virmani & Virmani,Potomac VV,
Princeton,NJ/US,Dweck & Huang,Princeton DH,
Princeton,NJ/US,Ren & Jain,Princeton JR,
Princeton,NJ/US,Tauro & Krishnan,Princeton KT,
Princeton,NJ/US,Ray & Huang,Princeton RH,
Princeton,NJ/US,Yu & Liao,Princeton YL,
Quarry Lane,CA/US,Manyam & Sharma,Quarry Lane MS,
Quarry Lane,CA/US,Shah & Yang,Quarry Lane YS,
"Russellville HS - Russellville, AR",AR/US,Wade & Lovely,"Russellville HS - Russellville, AR LW",
Saigon South International,VN,Jung & Lin,Saigon South International JL,
Saigon South International,VN,Teshukov & Atkinson,Saigon South International TA,
San Marino,CA/US,Shew & Sabo,San Marino SS,
Saratoga,CA/US,Chen & Zhao,Saratoga CZ,
Saratoga,CA/US,Jia & Goswami,Saratoga JG,
Saratoga,CA/US,Su & Zhao,Saratoga SZ,
Saratoga,CA/US,Tirthapura & Ravishankar,Saratoga TR,
Scarsdale,NY/US,Liu & Zhang,Scarsdale LZ,
Seven Lakes,TX/US,Eswar & Meghani,Seven Lakes EM,
SF Lincoln Independent,SD/US,Weeks & Wiessner,SF Lincoln Independent WW,
Shin Squad,CA/US,Shin & Shin,Shin Squad SS,
Sidwell Independent,DC/US,Bao & Campbell,Sidwell Independent BC,
Sidwell Independent,DC/US,Fagell & Garside,Sidwell Independent FG,
Sidwell Independent,DC/US,Huang & Jain,Sidwell Independent HJ,
Southlake Carroll,TX/US,Athipatla & Kilaru,Southlake Carroll AK,
Southlake Carroll,TX/US,Bakshi & Sharma,Southlake Carroll BS,
Southlake Carroll,TX/US,Dharani & Tamirisa,Southlake Carroll DT,
Southlake Carroll,TX/US,Golla & Wang,Southlake Carroll GW,
St John's,TX/US,Greenberg & Zhao,St John's GZ,
St Luke's,CT/US,Welch & Memon,St Luke's MW,
St.Albans Cathedral,DC/US,Pistilli & Shehabi,St.Albans Cathedral PS,
Stevenson Independent,IL/US,Deshpande & Bellamkonda,Stevenson Independent DB,
Stevenson Independent,IL/US,Dandavate & Raitani,Stevenson Independent DR,
Stevenson Independent,IL/US,Gargya & Hutchinson,Stevenson Independent GH,
Stevenson Independent,IL/US,Mehta & Wu,Stevenson Independent MW,
Stevenson Independent,IL/US,Patel & Qian,Stevenson Independent PQ,
Strake Jesuit College Prep,TX/US,Hablinski & Wu,Strake Jesuit  HW,
Strath Haven,PA/US,Dudley & Zhu,Strath Haven DZ,
Swang Independent,CA/US,Singh & Hwang,Swang Independent HS,
Taipei American,TW,Huang & Lee,Taipei American HL,
Taipei American,TW,Lee & Jen,Taipei American LJ,
Taipei American,TW,Park & Chang,Taipei American PC,
Taipei American,TW,Tsai & Hung,Taipei American TH,
Taipei American,TW,Wang & Liu,Taipei American WL,
Taipei American,TW,Zhong & Gee,Taipei American ZG,
Theodore Roosevelt,IA/US,Alg & Baruri,Theodore Roosevelt AB,
Theodore Roosevelt,IA/US,Baruri & Raymer,Theodore Roosevelt BR,
Theodore Roosevelt,IA/US,Chilongo & McIver,Theodore Roosevelt CM,
Theodore Roosevelt,IA/US,Melam & Magill,Theodore Roosevelt MM,
Tri-Valley Coalition,CA/US,Hassanpour & Liao,Tri-Valley Coalition HL,
Trinity Prep,FL/US,Achanta & James,Trinity Prep AJ,
Trinity Prep,FL/US,Chong & Daniel,Trinity Prep DC,
Trinity Prep,FL/US,DeStefano & Paul,Trinity Prep DP,
Trinity Prep,FL/US,Haddadin & Scheinberg,Trinity Prep HS,
University,OH/US,Ashruf & Krishnaney,University AK,
Valley Hills,NJ/US,Chaisanguanthum & Baddela,Valley Hills CB,
VDA - Vancouver,BC/CA,Lu & Guo,VDA - Vancouver GL,
VDA - Vancouver,BC/CA,Trivedi & Yelamanchili,VDA - Vancouver TY,
VDA - Vancouver,BC/CA,Wu & Shi,VDA - Vancouver WS,
VDA - Vancouver,BC/CA,Yao & Zhang,VDA - Vancouver YZ,
VDA - Vancouver,BC/CA,Zheng & Liang,VDA - Vancouver ZL,
Vista Del Lago,CA/US,Gopalakrishnan & Raghavan,Vista Del Lago GR,
Vista Del Lago,CA/US,Yarlagadda & Kolli,Vista Del Lago KY,
Vista Del Lago,CA/US,Balakrishnan & Pasumarthi,Vista Del Lago PB,
Vista Del Lago,CA/US,Lakshminarayanan & Perez,Vista Del Lago PL,
Vista Del Lago,CA/US,Rajeshkumar & Kallepalli,Vista Del Lago RK,
Walter Johnson,MD/US,Lu & Jhon,Walter Johnson LJ,
Westridge,CA/US,Wieland & Chow,Westridge WC,
Winston Churchill,MD/US,Mao & Wang,Winston Churchill MW,
Winston Churchill,MD/US,Xin & Fan,Winston Churchill XF,