Institution,Location,Entry,Code,Status,Record
Alsion Montessori,CA/US,Sharma & Samsi,Alsion Montessori SS,,
American Independent,CA/US,Kaul & Jyothis,American Independent JK,,
American Independent,CA/US,Kim & Pawar,American Independent KP,,
American Independent,CA/US,Mishra & Raghav,American Independent MR,,
American Independent,CA/US,Lee & Tewari,American Independent TL,,
Archbishop Mitty,CA/US,Bose & Lai,Archbishop Mitty BL,,
Archbishop Mitty,CA/US,Das & Mahajan,Archbishop Mitty DM,,
Archbishop Mitty,CA/US,Kwok & Huang,Archbishop Mitty KH,,
Archbishop Mitty,CA/US,Raisinghani & Nair,Archbishop Mitty RN,,
Archbishop Mitty,CA/US,Sharma & Bui,Archbishop Mitty SB,,
Archbishop Mitty,CA/US,Svendsen & Chamarty,Archbishop Mitty SC,,
Archbishop Mitty,CA/US,Vohra & Wang,Archbishop Mitty VW,,
Archbishop Mitty,CA/US,Yang & Venkatraman,Archbishop Mitty YV,,
Archbishop Mitty,CA/US,Mishra & Zhao,Archbishop Mitty ZM,,
Bay Area Independent,CA/US,Aggarwal & Engstrom,Bay Area Independent EA,,
Bay Area Independent,CA/US,Laxman & Chang,Bay Area Independent LC,,
Bay Area Independent,CA/US,Liu & Parang,Bay Area Independent PL,,
Bay Area Independent,CA/US,Koneru & Solanki,Bay Area Independent SK,,
Bellarmine College Prep,CA/US,Bozza & Musukula,Bellarmine  BM,,
Bellarmine College Prep,CA/US,Ling & Jiang,Bellarmine  LJ,,
Bellarmine College Prep,CA/US,Tracey & Banka,Bellarmine  TB,,
Brooks Debate Institute,CA/US,Bachu & Kaushik,Brooks Debate Institute BK,,
Burbank,CA/US,Chamichyan & Sheroyan,Burbank CS,,
Cambridge,CA/US,Kim & Lee,Cambridge LK,,
Cambridge,CA/US,Yang & Lee,Cambridge LY,,
Cambridge,CA/US,Tang & Wang,Cambridge WT,,
Campbell Hall,CA/US,Bart & McCullers,Campbell Hall BM,,
Campbell Hall,CA/US,Chung & Yusupova,Campbell Hall CY,,
Campbell Hall,CA/US,Dumontet & Kosloff,Campbell Hall DK,,
Canyon Crest,CA/US,Wang & Synn,Canyon Crest WS,,
College Prep,CA/US,Hao & Kurland,College Prep HK,,
College Prep,CA/US,Pak & Bahat,College Prep PB,,
Cupertino,CA/US,Liang & Yao,Cupertino YL,,
Dougherty Valley,CA/US,Chopra & Mei,Dougherty Valley ChMe,,
Dougherty Valley,CA/US,Chawda & Mallajosyula,Dougherty Valley CM,,
Dougherty Valley,CA/US,Bindlish & Desai,Dougherty Valley DB,,
Dougherty Valley,CA/US,Gireesha & Pal,Dougherty Valley PG,,
Dougherty Valley,CA/US,Jamal & Vo,Dougherty Valley VJ,,
Dougherty Valley,CA/US,Bahrani & Wu,Dougherty Valley WB,,
Emerald,CA/US,Odugu & Agarwal,Emerald AO,,
Emerald,CA/US,Goswami & Mamidi,Emerald GM,,
Emerald,CA/US,Karur-Parekh & Gairola,Emerald KG,,
Emerald,CA/US,Vegunta & Krishnakumar,Emerald KV,,
Emerald,CA/US,Nookala & Gabada,Emerald NG,,
Emerald,CA/US,Saravanan & Liao,Emerald SL,,
Emerald,CA/US,Baindla & Xu,Emerald XB,,
Golden State,CA/US,Chen & Kim,Golden State KC,,
Harker,CA/US,Jain & Liu,Harker JL,,
Harker,CA/US,Le & Luo,Harker LL,,
Harker,CA/US,Paranjpye & Chen,Harker PC,,
Harker,CA/US,Yeh & Gupta,Harker YG,,
Harker,CA/US,Chen & Zhang,Harker ZC,,
Khan Lab,CA/US,Shashidhar & Thakkar,Khan Lab TS,,
Leland,CA/US,Vinay & Chang,Leland CV,,
Leland,CA/US,Iyer & Kumar,Leland IK,,
Leland,CA/US,Xu & Liu,Leland LX,,
Leland,CA/US,Manral & Bansal,Leland MB,,
Leland,CA/US,Rao & Madhav,Leland MR,,
Leland,CA/US,Shen & Dong,Leland SD,,
Leland,CA/US,Yu & Lee,Leland YL,,
Los Altos,CA/US,Desai & Ding,Los Altos DD,,
Los Altos,CA/US,Wang & Lingo,Los Altos LW,,
Mission San Jose,CA/US,Bhutoria & Sethuraman,Mission San Jose BS,,
Mission San Jose,CA/US,Manami-Ratan & Gowda,Mission San Jose GM,,
Mission San Jose,CA/US,Koorapati & Gupta,Mission San Jose KG,,
Mission San Jose,CA/US,Manadhata & Chatterjee,Mission San Jose MC,,
Mission San Jose,CA/US,Qin & Dinker,Mission San Jose QD,,
Mission San Jose,CA/US,Ravi & Ahmed,Mission San Jose RA,,
Mission San Jose,CA/US,Gupta & Ramakrishnan,Mission San Jose RG,,
Mission San Jose,CA/US,Shah & Menezes,Mission San Jose SM,,
Mission San Jose,CA/US,Pala & Shah,Mission San Jose SP,,
Mission San Jose,CA/US,Wudaru & Duhoon,Mission San Jose WD,,
Mission San Jose,CA/US,Wahng & Liao,Mission San Jose WL,,
Mission San Jose,CA/US,Ramkumar & Yu,Mission San Jose YR,,
Monta Vista,CA/US,Tai & Goyal,Monta Vista GT,,
Monta Vista,CA/US,Teo & Shah,Monta Vista ST,,
Mountain House,CA/US,Dhruv & Kurup,Mountain House DK,,
Mountain House,CA/US,Kumar & Arokiaraj,Mountain House KA,,
Mountain House,CA/US,Janganure & Prashanth,Mountain House PJ,,
Mountain House,CA/US,Peter & Madaan,Mountain House PM,,
Mountain View,CA/US,Matot & Lin,Mountain View ML,,
Notre Dame San Jose,CA/US,Nagwekar & Boggavarapu,Notre Dame San Jose NB,,
Notre Dame San Jose,CA/US,Saranjame & Lokteff,Notre Dame San Jose SL,,
Nueva,CA/US,Alferness & Hayward,Nueva AH,,
Nueva,CA/US,Chan & Gupta,Nueva CG,,
Nueva,CA/US,Emanuel & Soral,Nueva ES,,
Nueva,CA/US,Iyer & Rong,Nueva IR,,
Nueva,CA/US,McLaughlin & Shah,Nueva MS,,
Nueva,CA/US,Wojin & Rabin,Nueva WR,,
Palo Alto,CA/US,Sridhar & Senderzon,Palo Alto SS,,
Papaya Valley,CA/US,Corbu & Nagulapalli,Papaya Valley NC,,
Quarry Lane,CA/US,Liu & Manyam,Quarry Lane LM,,
Saratoga,CA/US,Goswami & Jia,Saratoga JG,,
Saratoga,CA/US,Tirthapura & Ravishankar,Saratoga RT,,
Saratoga,CA/US,Luo & Tsang,Saratoga TL,,
Saratoga,CA/US,Chen & Zhao,Saratoga ZC,,
St Francis,CA/US,Wang & Coon,St Francis WC,,
Tri-Valley Coalition,CA/US,Gao & Kim,Tri-Valley Coalition GK,,
Tri-Valley Coalition,CA/US,Jaladi & Wong,Tri-Valley Coalition JW,,
Tri-Valley Coalition,CA/US,Liao & Hassanpour,Tri-Valley Coalition LH,,
Tri-Valley Coalition,CA/US,Tang & Li,Tri-Valley Coalition TL,,
Valley Christian,CA/US,Cao & Zhu,Valley Christian CZ,,
Valley Christian,CA/US,Liu & Li,Valley Christian LL,,
Valley Christian,CA/US,Hwang & Yu,Valley Christian YH,,
Vista Del Lago,CA/US,Gopalakrishnan & Raghavan,Vista Del Lago GR,,
Vista Del Lago,CA/US,Balakrishnan & Pasumarthi,Vista Del Lago PB,,
Vista Del Lago,CA/US,Yarlagadda & Kolli,Vista Del Lago YK,,