School,Location,Entry,Code,Status,Record
BASIS Chandler,AZ/US,Choudhury & Vo,BASIS Chandler CV,,
Brentwood,TN/US,Crouch & Mize,Brentwood CM,,
Brentwood,TN/US,Gripenstraw & Sanku,Brentwood GS,,
Brentwood,TN/US,Hong & Sidiqyar,Brentwood HS,,
Brentwood,TN/US,Khairollahi & Sathu,Brentwood KS,,
Brentwood,TN/US,Malhotra & Thanigaivalen,Brentwood MT,,
Brentwood,TN/US,Nayagadurai & Chanda,Brentwood NC,,
Canyon Crest,CA/US,Deshpande & Synn,Canyon Crest DS,,
Canyon Crest,CA/US,Song & Wang,Canyon Crest SW,,
Cary Acad,NC/US,Hu & Jain,Cary HJ,,
Cary Acad,NC/US,Hu & Zhang,Cary HZ,,
Columbus,GA/US,Yoon & Yoon,Columbus YY,,
Durham,NC/US,Huang & Hansen,Durham HH,,
Durham,NC/US,Vail & Chen,Durham VC,,
Hawken,OH/US,Jawa & Joyce,Hawken JJ,,
Ivy Bridge,GA/US,Ashok & Kulkarni,Ivy Bridge AK,,
Ivy Bridge,GA/US,Kallu & Kovi,Ivy Bridge KK,,
Ivy Bridge,GA/US,Qi & Chinthalapudi,Ivy Bridge QC,,
Lexington,MA/US,Fan & Sivabalan,Lexington FS,,
Marist,GA/US,Horne & Escayg,Marist HE,,
McLean Independent,VA/US,Hu & Wu,McLean Independent HW,,
Montgomery Blair,MD/US,Li & Tang,Montgomery Blair LT,,
Poly Prep Country Day,NY/US,Sah & Tiesi,Poly Prep Country Day ST,,
Poolesville,MD/US,Hu & Liu,Poolesville HL,,
Potomac,MD/US,Lieu & Patel,Potomac LP,,
Potomac,MD/US,Rask & Zhang,Potomac RZ,,
Ravenwood,TN,Balaje & McAtee,Ravenwood BM,,
Ravenwood,TN,Kumar & Mukerji,Ravenwood KM,,
Ravenwood,TN,Patel & Kalasikam,Ravenwood PK,,
Richard Montgomery,MD/US,Chang & Wong,Richard Montgomery CW,,
Richard Montgomery,MD/US,Lam & Xie,Richard Montgomery LX,,
Richard Montgomery,MD/US,Tu & Wang,Richard Montgomery TW,,
Science Hill,TN/US,Noe & Wilson,Science Hill NW,,
Strake Jesuit College Prep,TX/US,Dubey & Yates,Strake Jesuit  DY,,
Blake,MN/US,Olson & Redmond,Blake OR,,
Blake,MN/US,Terveen & Perri,Blake TP,,
Thomas Jefferson HSST,VA/US,Chen & Liu,Thomas Jefferson HSST CL,,
Thomas Jefferson HSST,VA/US,Zhou & Li,Thomas Jefferson HSST ZL,,
University,OH/US,Krishnaney & Hsieh,University KH,,
VDA - Vancouver,BC/CA,Liang & Tian,VDA - Vancouver LT,,
VDA - Vancouver,BC/CA,Zhou & Jin,VDA - Vancouver ZJ,,
Walt Whitman,MD/US,Bell & Gulati,Walt Whitman BG,,
Walt Whitman,MD/US,Barold & Walley,Walt Whitman BW,,
Walt Whitman,MD/US,Hallward-Driemeier & Hu-Henderson,Walt Whitman HH,,
Walt Whitman,MD/US,Bhattacharjee & Willhauck,Walt Whitman BhWi,,
duPont Manual HS  / Youth Performing Arts,KY,Fu & Lin,duPont Manual HS  / Youth Performing Arts FL,,
duPont Manual HS  / Youth Performing Arts,KY,Gollamudi & Reddy,duPont Manual HS  / Youth Performing Arts GR,,
duPont Manual HS  / Youth Performing Arts,KY,Henderson & Mishra,duPont Manual HS  / Youth Performing Arts HM,,
duPont Manual HS  / Youth Performing Arts,KY,Polepalli & Babu,duPont Manual HS  / Youth Performing Arts PB,,