School,Location,Entry,Code,Record
BC Academy,BC/CA,Chen & Xu,BC Academy CX,
BC Academy,BC/CA,Zu & Yoon,BC Academy ZY,
Bergen County Academies,NJ/US,Chun & Kreibich,Bergen County Academies CK,
Bergen County Academies,NJ/US,Chae & Zee,Bergen County Academies CZ,
BergenTech,NJ/US,Grinberg & Nozic,BergenTech GN,
BergenTech,NJ/US,Ismail & Noh,BergenTech IN,
Brooklyn Technical,NY/US,Connor & Vega Ayala,Brooklyn Technical CV,
Brooklyn Technical,NY/US,Nash & Jones,Brooklyn Technical NJ,
Brooklyn Technical,NY/US,Skolnick & Ricci,Brooklyn Technical SR,
Brooklyn Technical,NY/US,Zaripova & Shi,Brooklyn Technical ZS,
CR North,PA/US,Morton & Stockburger,CR North MS,
CR North,PA/US,Sarangi & Mattoo,CR North SM,
Central,PA/US,Gillion & Geffen,Central GG,
Cranbrook,MI/US,Patel & Patel,Cranbrook PP,
Cranbrook,MI/US,Wang & Feng,Cranbrook WF,
Delbarton,NJ/US,Chung & Osorio,Delbarton CO,
Delbarton,NJ/US,Freshwater & Ross,Delbarton FR,
Delbarton,NJ/US,Xu & Patel,Delbarton XP,
Glen Rock,NJ/US,Johnston & Liang,Glen Rock JL,
Holton-arms,MD/US,Andriamananjara & Flueck,Holton-arms AF,
Holton-arms,MD/US,Behnia & Glassman,Holton-arms BG,
Holton-arms,MD/US,Lian & Clark,Holton-arms LC,
Holton-arms,MD/US,Zhu & Zhu,Holton-arms ZZ,
Horace Mann,NY/US,Goldman & Fazal,Horace Mann GF,
Horace Mann,NY/US,Ho & Pande,Horace Mann HP,
Horace Mann,NY/US,Lee & Paulson,Horace Mann LP,
Horace Mann,NY/US,Levinson & Yu,Horace Mann LY,
Hunter,NY/US,Mangaraj & Mao,Hunter MM,
Hunter,NY/US,Quan & Arora,Hunter QA,
Hunter,NY/US,Roberts & Johnson,Hunter RJ,
Hunter,NY/US,Stillman & Burstein,Hunter SB,
JR Masterman,PA/US,Anastasi & Cohen,JR Masterman AC,
JR Masterman,PA/US,Eggerts & Keenan,JR Masterman EK,
JR Masterman,PA/US,Sorrentino & Gonzales,JR Masterman SG,
Lake Mary Prep,FL/US,Lott & Mohring,Lake Mary Prep LM,
Lexington,MA/US,Joshi & Basu,Lexington JB,
Lexington,MA/US,Lu & Liu,Lexington LL,
Lexington,MA/US,Sivabalan & Manchala,Lexington SM,
Lexington,MA/US,Fan & Vasishtha,Lexington FaVa,
Lower Merion,PA/US,Abella & Shepard,Lower Merion AS,
Maret,DC/US,White & Ibrahim,Maret WI,
Maret,DC/US,Wu & Williams,Maret WW,
McLean,VA/US,Hu & Wu,McLean HW,
McLean,VA/US,Wilson & Lan,McLean WL,
Millburn,NJ/US,Agarwal & Klein,Millburn AK,
Millburn,NJ/US,Chandrashekar & Hong,Millburn CH,
Millburn,NJ/US,Gupta & Wahi,Millburn GW,
Millburn,NJ/US,Liu & Wang,Millburn LW,
Oakton,VA/US,Kim & Shah,Oakton KS,
Oakton,VA/US,Kim & Xu,Oakton KX,
Oakton,VA/US,Uppalapati & Dev,Oakton UD,
Poly Prep Country Day,NY/US,Barbiere & Menegatos,Poly Prep Country Day BM,
Poly Prep Country Day,NY/US,Barbiere & Nguyen,Poly Prep Country Day BN,
Poly Prep Country Day,NY/US,Bonjean-Alpart & Schoenberger,Poly Prep Country Day SB,
Poly Prep Country Day,NY/US,Sah & Tiesi,Poly Prep Country Day ST,
Princeton,NJ/US,Banerjee & Hagedorn,Princeton BH,
Princeton,NJ/US,Caracalos & Karimanal,Princeton CK,
Princeton,NJ/US,Lerman & Tong,Princeton LT,
Princeton,NJ/US,Zhao & Pittman,Princeton ZP,
Ransom Everglades,FL/US,Cobas & Escoto,Ransom Everglades CE,
Ransom Everglades,FL/US,Mendelson & Salomon,Ransom Everglades MS,
Ransom Everglades,FL/US,Zhao & McAliley,Ransom Everglades ZM,
Regis,NY/US,Flanigan & Jones,Regis FJ,
Regis,NY/US,Gouley & Moran,Regis GM,
Regis,NY/US,Healey & Tinson,Regis HT,
Regis,NY/US,Kane & Stesner,Regis KS,
Richard Montgomery,MD/US,Deng & Wang,Richard Montgomery DW,
Richard Montgomery,MD/US,Lin & Shue,Richard Montgomery LS,
Richard Montgomery,MD/US,Lam & Xie,Richard Montgomery LX,
Richard Montgomery,MD/US,Tu & Wang,Richard Montgomery TW,
Ridge,NJ/US,Sarwal & Sherman,Ridge SS,
Ridge,NJ/US,Cui & Mahesh,Ridge CuMa,
Ridge,NJ/US,Zhu & Khade,Ridge ZhKh,
Riverdale Country,NY/US,Goldberg & Mehl,Riverdale Country GM,
Riverdale Country,NY/US,Leisman & Soriano,Riverdale Country LS,
Riverdale Country,NY/US,Osei-Agyemang & Weise,Riverdale Country OW,
Riverdale Country,NY/US,Singh & Srivastava,Riverdale Country SS,
South Forsyth,GA/US,Gautam & Gupta,South Forsyth GG,
St Luke's,CT/US,Gerber & Gilrain-Lennon,St Luke's GG,
St Luke's,CT/US,Welch & Memon,St Luke's WM,
Strath Haven,PA/US,Bi & Maqbool,Strath Haven BM,
Strath Haven,PA/US,Lin & Guron,Strath Haven GL,
Stuyvesant,NY/US,Harrington & Mancini,Stuyvesant HM,
Stuyvesant,NY/US,Roy & Makino-Siller,Stuyvesant RM,
Stuyvesant,NY/US,Tung & Panas,Stuyvesant TP,
Summit,NJ/US,Au-Yeung & Bhatia,Summit AB,
Summit,NJ/US,Kamdar & Livnat,Summit KL,
Summit,NJ/US,Malik & Gulati,Summit MG,
Summit,NJ/US,Tobon & Jain,Summit TJ,
Suncoast Comm,FL/US,Balfour & Hass,Suncoast Comm BH,
Bronx Science,NY/US,Bovitz & Goldfarb,Bronx Science BG,
Bronx Science,NY/US,Cheng & Lin,Bronx Science CL,
Bronx Science,NY/US,Dildy & Lief,Bronx Science DL,
Bronx Science,NY/US,Weiss & Zaino,Bronx Science WZ,
Chapin,NY/US,Izmirly & Wolf,Chapin IW,
Chapin,NY/US,Sinaiko & Millerman,Chapin SM,
Haverford,PA/US,Moran & Brewington,Haverford MB,
Haverford,PA/US,McCloskey & Keidel,Haverford MK,
Spence,NY/US,Chu & Chu,Spence CC,
Spence,NY/US,Frank & Herrick,Spence FH,
Spence,NY/US,McIvor & Michielsen,Spence MM,
Thomas Jefferson HSST,VA/US,Zhou & Li,Thomas Jefferson HSST ZL,
Thomas S. Wootton,MD/US,Dai & Tian,Thomas S. Wootton DT,
Union Catholic,NJ/US,Abreu & Patel,Union Catholic AP,
Union Catholic,NJ/US,Lytle & Mitchell,Union Catholic LM,
Union Catholic,NJ/US,Zdanowicz & Sorge,Union Catholic ZS,
University,NJ/US,Corbett & Hathcock,University CH,
University,OH/US,Krishnaney & Hsieh,University KH,
University,OH/US,Mathews & Lele,University ML,
University,OH/US,Wang & Anwar,University WA,
Wellington,FL,Tryniszewski & Gardner,Wellington TG,
Winston Churchill,MD/US,Durbhakula & Mao,Winston Churchill DM,
Winston Churchill,MD/US,Moon & Diaz,Winston Churchill MD,
Winston Churchill,MD/US,Xue & Zhang,Winston Churchill XZ,