Institution,Location,Entry,Code,Status,Record
Acton-Boxborough,MA/US,Das & Leo,Acton-Boxborough DL,,
Acton-Boxborough,MA/US,Sharma & Menon,Acton-Boxborough MS,,
Acton-Boxborough,MA/US,Stein & Su,Acton-Boxborough SS,,
Acton-Boxborough,MA/US,Leo & Wu,Acton-Boxborough WL,,
Advanced Technologies,NV/US,Patino & Halpin,Advanced Technologies PH,,
Advanced Technologies,NV/US,Scanson & Gnakadja,Advanced Technologies SG,,
American Heritage Broward,FL/US,Alvarez & Sasson,American Heritage Broward AS,,
American Heritage Broward,FL/US,Wong & Kim,American Heritage Broward KW,,
American Heritage Broward,FL/US,Pinto & Jino,American Heritage Broward PJ,,
American Heritage Broward,FL/US,Jos & Wu,American Heritage Broward WJ,,
American Heritage Palm Beach,FL/US,Dahabra & Rohit,American Heritage Palm Beach DR,,
Arlington,MA/US,Lay & Carman,Arlington LC,,
Awty International,TX/US,Zhao & Zhang,Awty International ZZ,,
BASIS Peoria,AZ/US,Guru & Vattikuti,BASIS Peoria GV,,
BASIS Peoria,AZ/US,Ashok & Lohani,BASIS Peoria LA,,
Belen Jesuit Prep,FL/US,Mariscal & Varona,Belen Jesuit Prep MV,,
Bergen,NJ/US,Anchlia & Maheshwari,Bergen AM,,
Bergen,NJ/US,Anchlia & Reddy,Bergen AR,,
Bergen County Academies,NJ/US,Chae & Min,Bergen County Academies CM,,
Bergen County Academies,NJ/US,Sim & Liu,Bergen County Academies LS,,
Bergen,NJ/US,Muni & Kaushik,Bergen KM,,
Bergen,NJ/US,Yang & Sehgal,Bergen YS,,
Berkeley Carroll,NY/US,Balodis & Katzman,Berkeley Carroll BK,,
Berkeley Carroll,NY/US,Hilario-Peralta & Gould,Berkeley Carroll GH,,
Bronx Science,NY/US,Bar & Chawla,Bronx Science BC,,
Bronx Science,NY/US,Borukh & Doshi,Bronx Science BD,,
Bronx Science,NY/US,Bovitz & Goldfarb,Bronx Science BG,,
Bronx Science,NY/US,Gallo & Smirnova,Bronx Science GS,,
Bronx Science,NY/US,Weiss & Zaino,Bronx Science WZ,,
Brophy,AZ/US,Khurana & Cavallo,Brophy KC,,
Brophy,AZ/US,Nelles & Rizvi,Brophy NR,,
Brother Rice,MI/US,Callaghan & Clement,Brother Rice CC,,
Brother Rice,MI/US,Hulgrave & Ahn,Brother Rice HA,,
Cambridge Rindge and Latin,MA/US,Anjaria & Asefaw,Cambridge Rindge and Latin AA,,
Cambridge Rindge and Latin,MA/US,Alailima & De Caro,Cambridge Rindge and Latin AD,,
Cambridge Rindge and Latin,MA/US,Russell & Driscoll,Cambridge Rindge and Latin RD,,
Cambridge Rindge and Latin,MA/US,Wen & Robertson,Cambridge Rindge and Latin RW,,
Cardinal Gibbons,FL,Wilson & Lescher,Cardinal Gibbons LW,,
Carrollton,GA/US,Browning & Long,Carrollton BL,,
Carrollton,GA/US,Brodsky & Mitchell,Carrollton BM,,
Carrollton,GA/US,Johnson & Kelly,Carrollton JK,,
Carrollton,GA/US,Quinonez & McLaren,Carrollton QM,,
Cary Acad,NC/US,Ravulapati & Jain,Cary Acad JR,,
Cary Acad,NC/US,Hu & Zhang,Cary Acad ZH,,
Castle View,CO/US,Cayton & Riedel,Castle View CR,,
Castle View,CO/US,Garrett & West,Castle View GW,,
Chapin,NY/US,Sinaiko & Millerman,Chapin MS,,
Chapin,NY/US,Reddy & Khaliq,Chapin RK,,
Chapin,NY/US,Wolf & Izmirly,Chapin WI,,
Cherokee Trail,CO/US,Desiderio Rodriguez & Copen,Cherokee Trail CD,,
Cherokee Trail,CO/US,Vogel & Chavez,Cherokee Trail CV,,
Clarksburg,MD/US,Cho & Kim,Clarksburg CK,,
Concord Carlisle,MA/US,Moffitt & Arthur,Concord Carlisle MA,,
Concord Carlisle,MA/US,Moffitt & Richardson,Concord Carlisle MR,,
CR North,PA/US,Tao & Zhang,CR North TZ,,
Cranbrook,MI/US,Li & Wei,Cranbrook LW,,
Cypress Bay,FL/US,Rodriguez & Golitz,Cypress Bay GR,,
Cypress Woods,TX/US,Avalos & McLain,Cypress Woods AM,,
Cypress Woods,TX/US,Williamson & Richardson,Cypress Woods WR,,
Dalton,NY/US,Saravanan & Chaisanguanthum,Dalton SC,,
DebateDrills,CA/US,Chaudhuri & Jani,DebateDrills JC,,
Delbarton,NJ/US,Ehrenberg & Calder,Delbarton EC,,
Delbarton,NJ/US,Wyso & Ross,Delbarton RW,,
Delbarton,NJ/US,Aiello & Xu,Delbarton XA,,
Delbarton,NJ/US,Xu & Patel,Delbarton XP,,
Denmark,GA,Wong & Tagadur,Denmark WT,,
Denver East,CO/US,Anthony & C Pougnet-Green,Denver East AC,,
Denver East,CO/US,Cavens & Cummings,Denver East CC,,
Denver East,CO/US,Kirkland & Wolf,Denver East KW,,
Denver East,CO/US,Mugford & Collier,Denver East MC,,
Denver East,CO/US,Nuber & Nelson-Gardner,Denver East NN,,
Denver East,CO/US,Penner & Rasmussen,Denver East PR,,
Desert Vista,AZ/US,Ghatigar & Wintring,Desert Vista GW,,
Desert Vista,AZ/US,Ramsey & Spangler,Desert Vista RS,,
Desert Vista,AZ/US,Sathyan & Yu,Desert Vista YS,,
Dripping Springs,TX/US,Goodman & Bermudez,Dripping Springs GB,,
Dripping Springs,TX/US,Kling & Hall,Dripping Springs KH,,
Dripping Springs,TX/US,McAdams & Parks,Dripping Springs MP,,
Duchesne Academy Of The Sacred Heart,TX/US,Balboa & Hess,Duchesne Academy Of The Sacred Heart BH,,
Duchesne Academy Of The Sacred Heart,TX/US,Pangilinan & Skillern,Duchesne Academy Of The Sacred Heart SP,,
Dulles,TX/US,Ma & Li,Dulles LM,,
DuPont Manual Independent,KY/US,Kahloon & Fu,DuPont Manual Independent KF,,
East Ridge,MN/US,Mohta & Venkat,East Ridge MV,,
Fort Collins,CO/US,Yatabe & Yalin,Fort Collins YY,,
Ft Lauderdale,FL/US,Jimenez & Santana,Ft Lauderdale SJ,,
Germantown Friends,PA/US,Li & Zhong,Germantown Friends LZ,,
Germantown,PA/US,Swartz & Hu,Germantown SH,,
Grand Oaks,TX/US,Coutee & Cartagena,Grand Oaks CC,,
Grand Oaks,TX/US,Gupta & Ott,Grand Oaks GO,,
Grand Oaks,TX/US,Jordan & Holdren,Grand Oaks JH,,
Grand Oaks,TX/US,Reyes & Kameka,Grand Oaks KR,,
Grand Oaks,TX/US,Rosado & Conner,Grand Oaks RC,,
Grand Oaks,TX/US,Poort & Reichmeider,Grand Oaks RP,,
Grand Oaks,TX/US,Sheble & Cooray,Grand Oaks SC,,
Grand Oaks,TX/US,Naqvi & Sirangi,Grand Oaks SN,,
Great Neck North,NY/US,Ye & Levine,Great Neck North YL,,
Gulliver Prep,FL/US,Cheruku & lopez,Gulliver Prep CL,,
Gulliver Prep,FL/US,Ishoof & Ishoof,Gulliver Prep II,,
Hamilton,AZ/US,Jiang & Samanthapudi,Hamilton JS,,
Hamilton,AZ/US,Nigam & Shi,Hamilton NS,,
Hamilton,AZ/US,Tambe & Neithalath,Hamilton TN,,
Hamilton,AZ/US,Zhou & Chopra,Hamilton ZC,,
Hewitt,NY/US,Fox & Sutfin,Hewitt FS,,
Horace Greeley,NY/US,Kumar & Yedid,Horace Greeley KY,,
Horace Greeley,NY/US,Chen & Wang,Horace Greeley WC,,
Horace Mann,NY/US,Akbar & Park,Horace Mann AP,,
Horace Mann,NY/US,Benson & Gill,Horace Mann BG,,
Horace Mann,NY/US,Tsai & Cheng,Horace Mann CT,,
Horace Mann,NY/US,Yu & Goldman,Horace Mann GY,,
Horace Mann,NY/US,Ho & Zaidman,Horace Mann HZ,,
Horace Mann,NY/US,Jaffe & Schreiber,Horace Mann JS,,
Horace Mann,NY/US,Chang & Kapadia,Horace Mann KC,,
Horace Mann,NY/US,Kumar & Pande,Horace Mann PK,,
Horace Mann,NY/US,Swen & Ji,Horace Mann SJ,,
Hunter,NY/US,Gottlieb & Bailey,Hunter BG,,
Hunter,NY/US,Tang & Mak,Hunter MT,,
Hunter,NY/US,Kim & Roberts,Hunter RK,,
Hunter,NY/US,Stillman & Xiao,Hunter SX,,
Hunter,NY/US,Becker & Vak,Hunter VB,,
Hunter,NY/US,Bordoff & Viderman,Hunter ViBo,,
Hunter,NY/US,Kraffczyk & Weiss,Hunter WK,,
INSPIRA,SG,Liu & Kong,INSPIRA LK,,
Ivy Bridge,GA/US,Baddela & Ramineni,Ivy Bridge BR,,
Ivy Bridge,GA/US,Sanderson & Kinnarkar,Ivy Bridge KS,,
Ivy Bridge,GA/US,Park & Manekar,Ivy Bridge MP,,
Jasper,TX/US,Vemireddy & Ayuluri,Jasper AV,,
Jasper,TX/US,Qiu & Yi,Jasper YQ,,
JR Masterman,PA/US,Cohen & Anastasi,JR Masterman CA,,
JR Masterman,PA/US,Erdman & Weisz,JR Masterman WE,,
Kellenberg Memorial,NY/US,Lausev & Ferri,Kellenberg Memorial LF,,
Lake Highland Prep,FL/US,Reddy & Katukuri,Lake Highland Prep RK,,
Lake Highland Prep,FL/US,Martinez & Sambandam,Lake Highland Prep SM,,
Lake Highland Prep,FL/US,Ghanem & Yong,Lake Highland Prep YG,,
Lake Mary Prep,FL/US,Tran & Gordillo,Lake Mary Prep TG,,
Lambert,GA/US,Guan & Liew,Lambert LG,,
Lambert,GA/US,Liu & Mendonca,Lambert LM,,
Lambert,GA/US,Myneni & Budda,Lambert MB,,
Landmark,MA/US,Andrew & Garrett,Landmark AG,,
Lexington,MA/US,Chyung & Kocheta,Lexington CK,,
Lexington,MA/US,Fan & Joshi,Lexington FJ,,
Lexington,MA/US,Gupta & Kuchibhotla,Lexington GK,,
Lexington,MA/US,Revankar & Guo,Lexington RG,,
Lexington,MA/US,Sethi & Ma,Lexington SM,,
Lincoln-Sudbury,MA/US,Khan & Ham,Lincoln-Sudbury KH,,
Lincoln-Sudbury,MA/US,Young & Sharma,Lincoln-Sudbury YS,,
Livingston,NJ/US,Ghaznavi & Volkov,Livingston GV,,
Livingston,NJ/US,Malde & Nistala,Livingston MN,,
Livingston,NJ/US,Yan & Zhong,Livingston YZ,,
Masters,NY/US,Lovitt & Hong,Masters LH,,
McDowell,PA/US,Deventhira-Raja & Shankar,McDowell SD,,
Memorial,TX/US,Nguyen & Sugg,Memorial SN,,
Mercyhurst Prep,PA/US,Wyman & Pelensky,Mercyhurst Prep PW,,
Millburn,NJ/US,Chandrashekar & Joseph,Millburn CJ,,
Millburn,NJ/US,Chen & Wang,Millburn CW,,
Millburn,NJ/US,Gupta & Wahi,Millburn GW,,
Millburn,NJ/US,Liu & Wang,Millburn LW,,
Millburn,NJ/US,Shrinivas & More,Millburn SM,,
Milton Acad,MA/US,Picotte & Bradner,Milton Acad BP,,
Milton Acad,MA/US,Morishita & Choe,Milton Acad MC,,
Milton Acad,MA/US,Schmults & Li,Milton Acad SL,,
Milton Acad,MA/US,Soiffer & Sin,Milton Acad SS,,
Milton Acad,MA/US,Wong & Xue,Milton Acad WX,,
Montgomery Blair,MD/US,Li & Tang,Montgomery Blair LT,,
Montville,NJ/US,Anjoo & Holla,Montville AH,,
Montville,NJ/US,Agnel & Vijay Krishna,Montville AV,,
Montville,NJ/US,Boda & Mulinti,Montville BM,,
Mountain Brook,AL/US,Bazemore & Holden,Mountain Brook BH,,
Mountain Brook,AL/US,Carlson & Thorstad,Mountain Brook CT,,
Mountain Brook,AL/US,Pitner & Long,Mountain Brook LP,,
Mountain Brook,AL/US,Portera & Steiner,Mountain Brook PS,,
Mountain Brook,AL/US,Hahn & Short,Mountain Brook SH,,
Mountain Lakes HF,NJ/US,Fu & Han,Mountain Lakes HF FH,,
Myers Park,NC/US,McCranie & George,Myers Park GM,,
Myers Park,NC/US,McNairy & Stewart,Myers Park MS,,
Myers Park,NC/US,Bullock & Smith,Myers Park SB,,
Natick,MA/US,Belev & Pochobut,Natick BP,,
Natick,MA/US,Duckworth & Yu,Natick DY,,
NAVI,NY/US,Lee & Moon,NAVI ML,,
New Horizons D.N,MA/DO,Casado & Garcia,New Horizons D.N CG,,
New Horizons D.N,MA/DO,Feliz Gil & Bollig,New Horizons D.N FB,,
New Horizons D.N,MA/DO,Price & Lin,New Horizons D.N LP,,
New Horizons D.N,MA/DO,Rojas & Morales,New Horizons D.N RM,,
New Horizons D.N,MA/DO,Santana & Rodriguez,New Horizons D.N SR,,
Newsome,FL/US,Gill & Pergola,Newsome PG,,
Newton South,MA/US,Almedhychy & Malihi,Newton South AM,,
Newton South,MA/US,Brown & Bulis,Newton South BB,,
Newton South,MA/US,Cheng & Ye,Newton South ChYe,,
Newton South,MA/US,Chand & Liu,Newton South CL,,
Newton South,MA/US,Chaudhry & Wachman,Newton South CW,,
Newton South,MA/US,Chandok & Yao,Newton South CY,,
Newton South,MA/US,Ding & Hamed,Newton South DH,,
Newton South,MA/US,Chang & Fankhauser,Newton South FC,,
Newton South,MA/US,Hu & Kinney,Newton South KH,,
Newton South,MA/US,Lanciloti & Lin,Newton South LL,,
Newton South,MA/US,Lock & Scheufele,Newton South LS,,
Newton South,MA/US,Lu & Telio,Newton South LT,,
Newton South,MA/US,Dalzell & Miller,Newton South MD,,
Newton South,MA/US,Hurwitz & Menon,Newton South MH,,
Newton South,MA/US,Kapoor & Malihi,Newton South MK,,
Newton South,MA/US,Merritt & Tewari,Newton South MT,,
Newton South,MA/US,Ruan & Tewari,Newton South RT,,
Newton South,MA/US,Wei & Zeng,Newton South WZ,,
Nightingale Bamford,NY/US,Dangayach & Farman-Farmaian,Nightingale Bamford FD,,
North Allegheny,PA/US,Pak & Du,North Allegheny DP,,
North Allegheny,PA/US,Ghosh & Raajiv Sai,North Allegheny GR,,
North Allegheny,PA/US,Kallavi & Chatterjee,North Allegheny KC,,
North Allegheny,PA/US,Nagarajan & Sunthar,North Allegheny NS,,
North Allegheny,PA/US,Otthi & Hebbar,North Allegheny OH,,
North Allegheny,PA/US,Palled & Gupta,North Allegheny PG,,
North Broward Prep,FL/US,Apel & Shen,North Broward Prep SA,,
North Gwinnett,GA/US,Annambhotla & Lee,North Gwinnett AL,,
Northern Valley,NJ/US,Choi & Kim,Northern Valley CK,,
Nova,FL/US,Ooi & Mitchell,Nova OM,,
Novera Independent,NJ/US,Novera & Rubman,Novera Independent NR,,
Olympic Heights,FL/US,Adika & Friedman,Olympic Heights AF,,
Olympic Heights,FL/US,Baer & Golbois,Olympic Heights BG,,
Olympic Heights,FL/US,Birken & Knight,Olympic Heights BK,,
Olympic Heights,FL/US,Swietnicki & Vilela,Olympic Heights SV,,
Palm Beach Independent,FL/US,Fiala & Mo,Palm Beach Independent FM,,
Palm Beach Independent,FL/US,Mason & McDowell,Palm Beach Independent MM,,
Palo Alto,CA/US,Menon & Rabbitt-Tomita,Palo Alto MR,,
Pembroke Pines Charter,FL/US,Mathai & Bali,Pembroke Pines Charter BM,,
Pembroke Pines Charter,FL/US,Basnyet & Ortiz,Pembroke Pines Charter BO,,
Pembroke Pines Charter,FL/US,Garcia & Srinivasan,Pembroke Pines Charter GS,,
Pembroke Pines Charter,FL/US,Poore & Suresh,Pembroke Pines Charter PS,,
Pine Creek,CO/US,Bray & Brown,Pine Creek BB,,
Pinecrest,NC/US,Sierra & Hann,Pinecrest SH,,
Plano West,TX/US,Chachad & Mathai,Plano West CM,,
Plano West,TX/US,Patel & Cui,Plano West CP,,
Plano West,TX/US,Lohtia & Kapoor,Plano West KL,,
Poly Prep Country Day,NY/US,Barbiere & Menegatos,Poly Prep Country Day BM,,
Poly Prep Country Day,NY/US,Barbiere & Nguyen,Poly Prep Country Day BN,,
Poly Prep Country Day,NY/US,Yao & Baird,Poly Prep Country Day BY,,
Poly Prep Country Day,NY/US,Dangayach & Powers Wojtowicz,Poly Prep Country Day PD,,
Pompano Beach,FL,Greenburg & Yoshiue,Pompano Beach GY,,
Pompano Beach,FL,Castresana & Nguyen,Pompano Beach NC,,
Poolesville,MD/US,Dave & Hou,Poolesville HD,,
Portsmouth,NH,Anderson & Horowitz,Portsmouth AH,,
Portsmouth,NH,Franas & Noble,Portsmouth FN,,
Portsmouth,NH,Pinto & Nada,Portsmouth PN,,
Portsmouth,NH,Coffey & Venuto,Portsmouth VC,,
Potomac,MD/US,Chen & Zhou,Potomac CZ,,
Potomac,MD/US,Lieu & Patel,Potomac PL,,
PotomacSchool,VA/US,Endale & Ruggeri,PotomacSchool ER,,
PotomacSchool,VA/US,Sachdeva & Khapra,PotomacSchool KS,,
PotomacSchool,VA/US,Mankovsky & Leifer,PotomacSchool ML,,
PotomacSchool,VA/US,Shanmugam & Shanmugam,PotomacSchool SS,,
Princeton,NJ/US,Aung & Blix,Princeton AB,,
Princeton,NJ/US,Margulis & Banerjee,Princeton MB,,
Princeton,NJ/US,Ren & Tauro,Princeton RT,,
Ransom Everglades,FL/US,Escoto & Cobas,Ransom Everglades CE,,
Ransom Everglades,FL/US,Raju & Crowley,Ransom Everglades RC,,
Ransom Everglades,FL/US,Malone & Salomon,Ransom Everglades SM,,
Regis,NY/US,Agnello & Katoanga,Regis AK,,
Regis,NY/US,Agarwala & Quaglia,Regis AQ,,
Regis,NY/US,Bober & Taverni,Regis BT,,
Regis,NY/US,Cameron & Carragher,Regis CC,,
Regis,NY/US,Filocamo & McElfresh,Regis FM,,
Regis,NY/US,Grande & Grondin,Regis GG,,
Regis,NY/US,Kwiatkowski & Scheuermann,Regis KS,,
Regis,NY/US,Nwaishienyi & Augustine,Regis NA,,
Regis,NY/US,Poulos & Scheuermann,Regis PS,,
Richard Montgomery,MD/US,Lin & Wang,Richard Montgomery LW,,
Richard Montgomery,MD/US,Xie & Chung,Richard Montgomery XC,,
Ridge,NJ/US,Sherman & Brodkin,Ridge SB,,
Ridge,NJ/US,Sarwal & Sateeja,Ridge SS,,
Ridge,NJ/US,Zhu & Mahesh,Ridge ZM,,
River Hill,MD/US,Bi & Tang,River Hill BT,,
Sandy Spring Friends,MD/US,Tchoubineh & Eleftheriou,Sandy Spring Friends TE,,
Scarsdale,NY/US,El Moselhy & Hosman,Scarsdale HE,,
Scarsdale,NY/US,Liu & Liu,Scarsdale LL,,
Scarsdale,NY/US,Zhang & Liu,Scarsdale ZL,,
Sequoyah,GA/US,Barber & Mathis,Sequoyah BM,,
Sequoyah,GA/US,Johnson & Rios,Sequoyah JR,,
Sequoyah,GA/US,Guerrero & Knocke,Sequoyah KG,,
Sequoyah,GA/US,Ambriz-Villela & Li,Sequoyah LA,,
Seven Lakes,TX/US,Jackson & Ganti,Seven Lakes JG,,
Seven Lakes,TX/US,Kamdar & Otieno,Seven Lakes KO,,
Seven Lakes,TX/US,Mehta & Lu,Seven Lakes ML,,
Seven Lakes,TX/US,Thatola & Kaushik,Seven Lakes TK,,
Seven Lakes,TX/US,Varre & Kazmi,Seven Lakes VK,,
Sharon,MA/US,Kaul & Siddiqi,Sharon KS,,
Shrewsbury,MA/US,Krishnan & Vadlamudi,Shrewsbury KV,,
Shrewsbury,MA/US,Patel & Iyer,Shrewsbury PI,,
Sidwell,DC/US,Bao & Campbell,Sidwell BC,,
Sidwell,DC/US,Chen & Shah,Sidwell CS,,
Sidwell,DC/US,Fagell & Garside,Sidwell FG,,
Sidwell,DC/US,Huang & Jain,Sidwell JH,,
Sidwell,DC/US,Jain & Schropfer,Sidwell JS,,
Sidwell,DC/US,King & Peters,Sidwell KP,,
Sidwell,DC/US,Sima & Syed,Sidwell SS,,
Southlake Carroll,TX/US,Gogia & Wang,Southlake Carroll GW,,
Spence,NY/US,Michielsen & Chu,Spence MC,,
St Luke's,CT/US,Gerber & Gilrain-Lennon,St Luke's GG,,
St Luke's,CT/US,Loeffler-Kaplan & Saedal,St Luke's LS,,
St Luke's,CT/US,Welch & Memon,St Luke's MW,,
St Luke's,CT/US,Young & Frelinghuysen,St Luke's YF,,
St Mark's,MA/US,Bao & Hung,St Mark's BH,,
Stoneman Douglas,FL/US,Dinh & Litenski,Stoneman Douglas LD,,
Stoneman Douglas,FL/US,Balkcom & Moy,Stoneman Douglas MB,,
Stoneman Douglas,FL/US,Ojha & Dinnis,Stoneman Douglas OD,,
Stoneman Douglas,FL/US,Waca & Tallapaneni,Stoneman Douglas TW,,
Strake Jesuit College Prep,TX/US,Castillo & Karam,Strake Jesuit  CK,,
Strake Jesuit College Prep,TX/US,Guo & Zhao,Strake Jesuit  GZ,,
Strake Jesuit College Prep,TX/US,Carlile & Hablinski,Strake Jesuit  HC,,
Strake Jesuit College Prep,TX/US,Holmes & Haire,Strake Jesuit  HH,,
Strake Jesuit College Prep,TX/US,Harpavat & Kirichenko,Strake Jesuit  HK,,
Strake Jesuit College Prep,TX/US,Murthy & Hadi,Strake Jesuit  HM,,
Strake Jesuit College Prep,TX/US,Li & Merchant,Strake Jesuit  ML,,
Strake Jesuit College Prep,TX/US,Stratton & Zhao,Strake Jesuit  SZ,,
Strake Jesuit College Prep,TX/US,Trivedi & Wan,Strake Jesuit  TW,,
Strake Jesuit College Prep,TX/US,Warner & Bi,Strake Jesuit  WB,,
Strake Jesuit College Prep,TX/US,Haire & Wu,Strake Jesuit  WH,,
Stuyvesant,NY/US,Mancini & Harrington,Stuyvesant MH,,
Stuyvesant,NY/US,Makino-Siller & Roy,Stuyvesant RM,,
Stuyvesant,NY/US,Tung & Li,Stuyvesant TL,,
Summit,NJ/US,Bhatia & Au-Yeung,Summit AB,,
Summit,NJ/US,Gulati & Malik,Summit GM,,
Syosset,NY/US,Jamieson & Solomon,Syosset SJ,,
Syosset,NY/US,Kakkar & Shah,Syosset SK,,
Taravella,FL/US,Tejada espinoza & Guzman,Taravella TG,,
Temple City,CA/US,Hsieh & Tsao,Temple City HT,,
Thomas S. Wootton,MD/US,Chatterjee & Wang,Thomas S. Wootton CW,,
Thomas S. Wootton,MD/US,Tang & Tian,Thomas S. Wootton TT,,
Timothy Christian,NJ/US,Maronilla & Holmes,Timothy Christian MH,,
Timothy Christian,NJ/US,Cooper & Sintha,Timothy Christian SC,,
TJST Independent,VA/US,Zhou & Li,TJST Independent ZL,,
Trinity,NY/US,Achuthan & Spitzer,Trinity AS,,
Trinity,NY/US,Fleesler & Yung,Trinity FY,,
Trinity,NY/US,Baatz & Lee,Trinity LB,,
Trinity,NY/US,Cortina & Wang,Trinity WC,,
VDA - Vancouver,BC/CA,Lin & Li,VDA - Vancouver LL,,
VDA - Vancouver,BC/CA,Liang & Zheng,VDA - Vancouver LZ,,
VDA - Vancouver,BC/CA,Ye & Zhang,VDA - Vancouver ZY,,
VDA - Vancouver,BC/CA,Zhang & Zhao,VDA - Vancouver ZZ,,
Village,TX/US,Jinnah & Rovere,Village RJ,,
Walt Whitman,MD/US,Ali & He,Walt Whitman AH,,
Walt Whitman,MD/US,Basu & Mullins,Walt Whitman BaMu,,
Walt Whitman,MD/US,Bell & Minai,Walt Whitman BM,,
Walt Whitman,MD/US,Kemp & Golub,Walt Whitman GK,,
Walt Whitman,MD/US,Cirivello & Qerimi,Walt Whitman QC,,
Waring,MA/US,Byron-Smarra & Huang,Waring BH,,
Waring,MA/US,Rolf Thaemert & Mier,Waring RM,,
Wayland,MA/US,Jay & McHugh,Wayland MJ,,
Wayland,MA/US,Maali-Pohl & Nuspl,Wayland MN,,
Wayland,MA/US,Sekhar & Chaudhry,Wayland SC,,
Westborough,MA/US,Bhatnagar & Sethi,Westborough BS,,
Westborough,MA/US,Chinthapatla & Khanna,Westborough CK,,
Westborough,MA/US,Qiu & Ahmed,Westborough QA,,
Westfield,NJ/US,Donnelly & Ma,Westfield DM,,
Windward,CA/US,Sipkins & Mitchell,Windward SM,,