Institution,Location,Entry,Code,Record
Academy at Palumbo,PA,McDaniel & Pargamanik,Academy at Palumbo MP,
Academy at Palumbo,PA,Semmel & Cutrone,Academy at Palumbo SC,
Acton-Boxborough,MA/US,Das & Murthy,Acton-Boxborough DM,
Adlai E Stevenson,IL/US,Mehta & Ali-Khan,Adlai E Stevenson MA,
Adlai E Stevenson,IL/US,Maulik & Qian,Adlai E Stevenson MQ,
Adlai E Stevenson,IL/US,Wu & Mehta,Adlai E Stevenson MW,
Adlai E Stevenson,IL/US,Patel & Malisetyy,Adlai E Stevenson PM,
BASIS Independent McLean,VA/US,Jones & Rask,BASIS Independent McLean JR,
Bergen County Academies,NJ/US,Min & Chae,Bergen County Academies CM,
Bergen County Academies,NJ/US,Liu & Sim,Bergen County Academies LS,
Bergen County Academies,NJ/US,Wang & Lee,Bergen County Academies WL,
Berkeley Carroll,NY/US,Balodis & Katzman,Berkeley Carroll BK,
Berkeley Carroll,NY/US,Hilario-Peralta & Gould,Berkeley Carroll HG,
Brearley,NY/US,Chowdhury & Arabadjiev,Brearley CA,
Brearley,NY/US,Schwartz & Carlson,Brearley SC,
Bridgewater Raritan,NJ/US,Marathe & Bhole,Bridgewater Raritan BM,
Bridgewater Raritan,NJ/US,Anand & Chen,Bridgewater Raritan CA,
Bridgewater Raritan,NJ/US,Joshi & Kashyap,Bridgewater Raritan KJ,
Bridgewater Raritan,NJ/US,Makode & Sankar,Bridgewater Raritan SM,
Bridgewater Raritan,NJ/US,Tijare & Wang,Bridgewater Raritan TW,
Bronx Science,NY/US,Chawla & Bar,Bronx Science BC,
Bronx Science,NY/US,Doshi & Borukh,Bronx Science BD,
Bronx Science,NY/US,Bovitz & Goldfarb,Bronx Science BG,
Bronx Science,NY/US,Shepp & Watanabe,Bronx Science SW,
Browning,NY,Levenglick & Guo,Browning GL,
Browning,NY,Keimweiss & Moon,Browning KM,
Browning,NY,White & Agbagni,Browning WA,
Cambridge Rindge and Latin,MA/US,Asefaw & Anjaria,Cambridge Rindge and Latin AA,
Cambridge Rindge and Latin,MA/US,Alailima & De Caro,Cambridge Rindge and Latin AD,
Cambridge Rindge and Latin,MA/US,Darom & Warren,Cambridge Rindge and Latin DW,
Cambridge Rindge and Latin,MA/US,Grodzins & Wen,Cambridge Rindge and Latin GW,
Cambridge Rindge and Latin,MA/US,Prasanna & Robertson,Cambridge Rindge and Latin PR,
Centennial HS (MD),MD/US,Cao & Ramreddy,Centennial HS (MD) CR,
Central,PA/US,Bekken & Black,Central BB,
Central,PA/US,Gillion & Geffen,Central GG,
Chapin,NY/US,Millerman & Sinaiko,Chapin MS,
Chapin,NY/US,Wolf & Izmirly,Chapin WI,
Charter School of Wilmington,DE/US,Mukherjee & Rajagopalan,Charter School of Wilmington MR,
Clarksburg,MD/US,Cho & Kim,Clarksburg ChKi,
Collegiate,NY/US,Aggarwal & Srivastava,Collegiate AS,
Collegiate,NY/US,Frank & Saber,Collegiate FS,
Collegiate,NY/US,Palmer & Xu,Collegiate PX,
Collegiate,NY/US,Vasudev & Wagner,Collegiate VW,
CR North,PA/US,Smith & Ambati,CR North SA,
CR North,PA/US,Sarangi & Mattoo,CR North SM,
CR North,PA/US,Tao & Zhang,CR North TZ,
Delbarton,NJ/US,Calder & Ehrenberg,Delbarton CE,
Delbarton,NJ/US,D'Souza & Valiveti,Delbarton VD,
Delbarton,NJ/US,Aiello & Xu,Delbarton XA,
Delbarton,NJ/US,Ross & Xu,Delbarton XR,
Dulles,TX/US,Li & Huang,Dulles LH,
Germantown Friends,PA/US,Goldsleger & Grodin,Germantown Friends GG,
Germantown Friends,PA/US,Duggan & Lewin,Germantown Friends LD,
Germantown,PA/US,Mittal & Hu,Germantown MH,
Germantown,PA/US,Swartz & Hu,Germantown SH,
Greenwich,CT/US,Qin & Orrell,Greenwich QO,
Haverford,PA/US,Ford & Crutchlow,Haverford CF,
Holton Arms,MD/US,Ayushi & Kurbanova,Holton Arms AK,
Holton Arms,MD/US,Humphries-Do & Thompson,Holton Arms HT,
Holton Arms,MD/US,Rollenhagen & Applebaum,Holton Arms RA,
Holton Arms,MD/US,Zhu & Zhu,Holton Arms ZZ,
Horace Greeley,NY/US,Kumar & Livne-Tarandach,Horace Greeley KL,
Horace Mann,NY/US,Akbar & Park,Horace Mann AkPa,
Horace Mann,NY/US,Yu & Goldman,Horace Mann GY,
Horace Mann,NY/US,Jaffe & Schreiber,Horace Mann JS,
Hunter,NY/US,Bailey & Gottlieb,Hunter BG,
Hunter,NY/US,Mao & Mangaraj,Hunter MM,
Hunter,NY/US,Mak & Tang,Hunter MT,
Hunter,NY/US,Roberts & Kim,Hunter RK,
Hunter,NY/US,Vak & Becker,Hunter VaBe,
Hunter,NY/US,Viderman & Bordoff,Hunter VB,
JR Masterman,PA/US,Albert & Jesteen,JR Masterman AJ,
JR Masterman,PA/US,Anastasi & Cohen,JR Masterman CA,
JR Masterman,PA/US,Doyle & Erdman,JR Masterman DE,
JR Masterman,PA/US,Sorrentino & Eggerts,JR Masterman SE,
JR Masterman,PA/US,Weisz & Beidler-Shenk,JR Masterman WB,
JR Masterman,PA/US,Zheng & Kader,JR Masterman ZK,
Langley,VA/US,Gu & Bazaz,Langley GB,
Langley,VA/US,Le & Jiang,Langley LJ,
Langley,VA/US,Rakasi & Chun,Langley RC,
Langley,VA/US,Shah & Gubbi,Langley SG,
Lexington,MA/US,Meka & Ganis,Lexington MG,
Lexington,MA/US,Ma & Liu,Lexington ML,
Lexington,MA/US,Sethi & Ma,Lexington SM,
Lower Merion,PA/US,Brownstein & Long,Lower Merion BL,
Lower Merion,PA/US,Rankin & Abella,Lower Merion RA,
Lower Merion,PA/US,Shepard & Steingard,Lower Merion SS,
Maret,DC/US,Sabharwal & Ibrahim,Maret IS,
Maret,DC/US,Williams & Wu,Maret WW,
McLean,VA/US,Kim & Zou,McLean KZ,
McLean,VA/US,Wilson & Kang,McLean WK,
Millburn,NJ/US,Chandrashekar & Joseph,Millburn CJ,
Millburn,NJ/US,Chen & Wang,Millburn CW,
Millburn,NJ/US,Liu & Wang,Millburn LW,
Millburn,NJ/US,Singh & Dubey,Millburn SD,
Montgomery Blair,MD/US,Balaji & Garg,Montgomery Blair BG,
Montgomery Blair,MD/US,Li & Tang,Montgomery Blair LT,
Oakton,VA/US,Goksoy & Edwards,Oakton GE,
Oakton,VA/US,Kamath & Deshmukh,Oakton KD,
Oakton,VA/US,Uppalapati & Dev,Oakton UD,
Pingry,NJ/US,Park & Wu,Pingry PW,
Poolesville,MD/US,Liu & Shah,Poolesville LS,
Princeton,NJ/US,Caracalos & Karimanal,Princeton CK,
Princeton,NJ/US,Dweck & Huang,Princeton DH,
Princeton,NJ/US,Mehta & Sama,Princeton MS,
Princeton,NJ/US,Pittman & Ren,Princeton PR,
Princeton,NJ/US,Zhao & He,Princeton ZH,
Regis,NY/US,Agnello & Katoanga,Regis AK,
Regis,NY/US,Agarwala & Quaglia,Regis AQ,
Regis,NY/US,Carragher & Cameron,Regis CC,
Richard Montgomery,MD/US,Chung & Xie,Richard Montgomery CX,
Richard Montgomery,MD/US,Duong & Lam,Richard Montgomery DL,
Richard Montgomery,MD/US,Lin & Wang,Richard Montgomery LW,
Richard Montgomery,MD/US,Tu & Wang,Richard Montgomery TW,
Ridge,NJ/US,Sherman & Brodkin,Ridge SB,
Ridge,NJ/US,Sharma & Li,Ridge SL,
Ridge,NJ/US,Sarwal & Sateeja,Ridge SS,
Ridge,NJ/US,Zhu & Mahesh,Ridge ZM,
River Hill,MD/US,Bi & Tang,River Hill BT,
Riverdale Country,NY/US,DiFelice & Mehra,Riverdale Country DM,
Riverdale Country,NY/US,Liu & Khan,Riverdale Country LK,
Riverdale Country,NY/US,Soriano & Leisman,Riverdale Country LS,
Riverdale Country,NY/US,Mehl & Irausquin-Petit,Riverdale Country MI,
Riverdale Country,NY/US,Singh & Srivastava,Riverdale Country SS,
Sidwell Independent,DC/US,Bao & Campbell,Sidwell Independent BC,
Sidwell Independent,DC/US,Chen & Shah,Sidwell Independent CS,
Spence,NY/US,Michielsen & Chu,Spence MC,
Spence,NY/US,Zhang & Van Zandt,Spence ZV,
St Luke's,CT/US,Memon & Welch,St Luke's MW,
Strath Haven,PA/US,Dudley & Zhu,Strath Haven DZ,
Strath Haven,PA/US,Guron & Lin,Strath Haven GL,
Strath Haven,PA/US,Lin & Foster,Strath Haven LF,
Strath Haven,PA/US,Zhang & Li,Strath Haven LZ,
Strath Haven,PA/US,Maman & Yi,Strath Haven MY,
Stuyvesant,NY/US,Liang & Binyaminov,Stuyvesant LB,
Stuyvesant,NY/US,Mancini & Harrington,Stuyvesant MH,
Stuyvesant,NY/US,Roy & Makino-Siller,Stuyvesant RM,
Stuyvesant,NY/US,Tung & Li,Stuyvesant TL,
Summit,NJ/US,Au-Yeung & Bhatia,Summit AB,
Summit,NJ/US,Gulati & Malik,Summit GM,
Thomas S. Wootton,MD/US,Chatterjee & Wang,Thomas S. Wootton CW,
Thomas S. Wootton,MD/US,Mahmoud & Puri,Thomas S. Wootton MP,
Thomas S. Wootton,MD/US,Tian & Tang,Thomas S. Wootton TT,
Union Catholic,NJ/US,Lytle & Chen,Union Catholic LC,
Union Catholic,NJ/US,Valendo & Mitchell,Union Catholic MV,
Unionville,PA/US,Nadeem & Zhang,Unionville NZ,
Walter Johnson,MD/US,Jhon & Lu,Walter Johnson JL,
Waring,MA/US,Byron-Smarra & Huang,Waring BH,
Wellington,FL/US,Tryniszewski & Gardner,Wellington TG,
Wissahickon,PA/US,Han & Gao,Wissahickon HG,