Institution,Location,Entry,Code,Status,Record
Acton-Boxborough,MA/US,Katarki & Xie,Acton-Boxborough KX,,
Acton-Boxborough,MA/US,Liu & Li,Acton-Boxborough LL,,
Acton-Boxborough,MA/US,Narra & Shroff,Acton-Boxborough NS,,
Acton-Boxborough,MA/US,Gollapudi & Sivasenthil,Acton-Boxborough SG,,
Acton-Boxborough,MA/US,Sundaram & Goli,Acton-Boxborough SuGo,,
Advanced Technologies,NV/US,Halpin & Gnakadja,Advanced Technologies HG,,
Albuquerque,NM/US,Carothers & Tutiki,Albuquerque CT,,
Albuquerque,NM/US,Sanchez & Devarakonda,Albuquerque SD,,
American Independent,CA/US,Pawar & Kim,American Independent PK,,
Archbishop Mitty,CA/US,Das & Mahajan,Archbishop Mitty DM,,
Archbishop Mitty,CA/US,Lu & Mittal,Archbishop Mitty LM,,
Archbishop Mitty,CA/US,Singhal & Ashok,Archbishop Mitty SA,,
Archbishop Mitty,CA/US,Srinivasan & Sahu,Archbishop Mitty SS,,
Arizona College Prep,AZ/US,Avadhani & Bommareddy,Arizona  AB,,
Arizona College Prep,AZ/US,Nayak & Duggirala,Arizona  DN,,
Arizona College Prep,AZ/US,Ghali & Nicholson,Arizona  GN,,
Arizona College Prep,AZ/US,Hossain & Vallamshetla,Arizona  HV,,
Arizona College Prep,AZ/US,Zhang & Zahid,Arizona  ZZ,,
Awty International,TX/US,Zhang & Zhao,Awty International ZZ,,
BASIS Chandler,AZ/US,Annapureddy & Yelamanchili,BASIS Chandler YA,,
BASIS Peoria,AZ/US,Korpe & Cho,BASIS Peoria KC,,
BASIS Peoria,AZ/US,Kusurkar & Moon,BASIS Peoria KM,,
BASIS Peoria,AZ/US,Lohani & Ashok,BASIS Peoria LA,,
BASIS Peoria,AZ/US,La & Aggarwal,BASIS Peoria LaAg,,
BASIS Peoria,AZ/US,Moon & Verma,BASIS Peoria MV,,
BASIS Peoria,AZ/US,Rauniyar & Nagabandi,BASIS Peoria RN,,
BASIS Peoria,AZ/US,Vattikuti & Guru,BASIS Peoria VG,,
BASIS Phoenix,AZ/US,Chandra & Gadagkar,BASIS Phoenix GC,WL,
BASIS Phoenix,AZ/US,Grabel & Pehkonen,BASIS Phoenix GP,,
BASIS Phoenix,AZ/US,Sudhakar & Mishra,BASIS Phoenix MS,,
BASIS Phoenix,AZ/US,Tavadia & Khidake,BASIS Phoenix TK,,
BASIS Scottsdale,AZ/US,Shen & Salehi-Rad,BASIS Scottsdale SS,,
Bay Area Independent,CA/US,Chang & Laxman,Bay Area Independent CL,,
Bellarmine College Prep,CA/US,Ling & Jiang,Bellarmine  LJ,,
Bellarmine College Prep,CA/US,Tracey & Banka,Bellarmine  TB,,
Brophy,AZ/US,Khurana & Rizvi,Brophy KR,,
Brophy,AZ/US,Shah & Al-Qaisi,Brophy SA,,
Brophy,AZ/US,Zabor & Bagai,Brophy ZB,,
Cajon,CA/US,Dominguez & Clemente,Cajon DC,,
Canyon Crest,CA/US,Asuri & Rupareliya,Canyon Crest AR,,
Canyon Crest,CA/US,Fehmi & Song,Canyon Crest FS,,
Canyon Crest,CA/US,Goodsell & Xiong,Canyon Crest GX,,
Canyon Crest,CA/US,Wang & Synn,Canyon Crest WS,,
Carlsbad,CA/US,Adams & Bohle,Carlsbad AB,,
Carlsbad,CA/US,Dee & Mitchell,Carlsbad DM,,
Carrollton,GA/US,Browning & Zimmer,Carrollton BZ,,
Carrollton,GA/US,Houser & Hawkins,Carrollton HH,,
Clark,NV/US,Sharma & Polagani,Clark SP,,
College Prep,CA/US,Acharya & Jain,College Prep AJ,,
College Prep,CA/US,Dhillon & Pullela,College Prep DP,,
College Prep,CA/US,Fong & Kumar,College Prep FK,,
College Prep,CA/US,Hao & Yu,College Prep HY,,
Coral Academy of Science Las Vegas,NV/US,Adler & Kristosik,Coral Academy of Science Las Vegas AK,,
Coral Academy of Science Las Vegas,NV/US,Noll & Skier,Coral Academy of Science Las Vegas SN,,
Corner Canyon,UT/US,Eckersley & Babcock,Corner Canyon EB,,
Corner Canyon,UT/US,Faucette & Messerian,Corner Canyon FM,,
Desert Vista,AZ/US,Brotherton & Perry,Desert Vista PB,,
Dougherty Valley,CA/US,Bindlish & Desai,Dougherty Valley BD,,
Dougherty Valley,CA/US,Chopra & Mei,Dougherty Valley CM,,
Dougherty Valley,CA/US,Pal & Gireesha,Dougherty Valley PG,,
Dougherty Valley,CA/US,Shah & Mehta,Dougherty Valley SM,,
Dougherty Valley,CA/US,Wu & Bahrani,Dougherty Valley WB,,
Fairmont Prep,CA/US,Chang & Harrison,Fairmont Prep CH,,
Fairmont Prep,CA/US,Lunde & Shah,Fairmont Prep LS,,
Fairmont Prep,CA/US,Park & Ngo,Fairmont Prep PN,,
Fairmont Prep,CA/US,Patel & Patel,Fairmont Prep PP,,
Fairmont Prep,CA/US,Patel & Savdharia,Fairmont Prep PS,,
Fairmont Prep,CA/US,Tsai & Kang,Fairmont Prep TK,,
Hamilton,AZ/US,Chen & Xi,Hamilton CX,,
Hamilton,AZ/US,Gupta & Zeng,Hamilton GZ,,
Hamilton,AZ/US,Pothukuchi & Hassan,Hamilton PH,,
Hamilton,AZ/US,Tambe & Neithalath,Hamilton TN,,
Hamilton,AZ/US,Yao & Lakkaraju,Hamilton YL,,
Harker,CA/US,Chen & Paranjpye,Harker CP,,
Harker,CA/US,Cheng & Eyal,Harker EC,,
Harker,CA/US,Gupta & Choudhary,Harker GC,,
Harker,CA/US,Goenka & Shen,Harker GS,,
Harker,CA/US,Luo & Le,Harker LL,,
Harker,CA/US,Liu & Yeh,Harker LY,,
Kent Denver,CO/US,Dougherty & Lindsey,Kent Denver DL,,
Kinkaid,TX/US,Cai & Tang,Kinkaid CT,,
Kinkaid,TX/US,Zhang & Yang,Kinkaid ZY,,
Las Vegas Debate League,NV/US,Jow & Rasmussen,Las Vegas Debate League JR,,
Layton,UT/US,Bell & Servoss,Layton BS,,
Leland,CA/US,Chang & Lee,Leland CL,,
Leland,CA/US,Iyer & Tadimeti,Leland IT,,
Leland,CA/US,Kumar & Iyer,Leland KI,,
Leland,CA/US,Manral & Bansal,Leland MB,,
Leland,CA/US,Rao & Madhav,Leland RM,,
Leland,CA/US,Yu & Jamdar,Leland YJ,,
Lincoln,OR/US,McCormick & Wu,Lincoln MW,,
Los Altos,CA/US,Ding & Desai,Los Altos DD,,
Los Altos,CA/US,Lingo & Wang,Los Altos LW,,
Magnolia,TX/US,Chaisanguanthum & Saravanan,Magnolia ChSa,,
Magnolia,TX/US,Choubey & Shah,Magnolia CS,,
Magnolia,TX/US,Ni & Zhang,Magnolia NZ,,
Magnolia,TX/US,Sirdeshmukh & Wang,Magnolia SW,,
Mira Loma,CA/US,Mahendra & Shaik,Mira Loma MS,,
Mira Loma,CA/US,Pradeep & Pradeep,Mira Loma PP,,
Mission San Jose,CA/US,Pala & Shah,Mission San Jose PS,,
Mission San Jose,CA/US,Wudaru & Duhoon,Mission San Jose WD,,
Mission San Jose,CA/US,Yu & Ramkumar,Mission San Jose YR,,
Monta Vista,CA/US,Tai & Goyal,Monta Vista TG,,
Mountain Crest,UT/US,Putam & Nelson,Mountain Crest PN,,
Mountain Crest,UT/US,Sakai & Bown,Mountain Crest SB,,
Mountain House,CA/US,Biju & Kumar,Mountain House BK,,
Mountain House,CA/US,Dhruv & Kurup,Mountain House DK,,
Mountain House,CA/US,Janganure & Prashanth,Mountain House JP,,
Mountain View,CA/US,Lin & Matot,Mountain View LM,,
National Debate Club (NDC),IL/US,Balu & Iyengar,National Debate Club BI,,
National Debate Club (NDC),IL/US,Sudhakar & Xiong,National Debate Club SX,,
Nueva,CA/US,Cedar & Cofino,Nueva CC,,
Nueva,CA/US,Chen & Deitcher,Nueva CD,,
Nueva,CA/US,Gupta & Chan,Nueva GC,,
Nueva,CA/US,McLaughlin & Wojin,Nueva MW,,
Nueva,CA/US,Soral & Emanuel,Nueva SE,,
Nueva,CA/US,Yang & D'Agostino,Nueva YD,,
Pacific Blue Prep,WA/US,Wu & Zhang,Pacific Blue Prep WZ,,
Palo Verde,NV/US,Cisneros & Zhong,Palo Verde CZ,,
Park City,UT/US,Gladson & Kuck,Park City GK,,
Park City,UT/US,Finkel & Jamrich,Park City JF,,
Park City,UT/US,Minter & Dildy,Park City MD,,
Park City,UT/US,McCarthy & Kuck,Park City MK,,
Parker,HI/US,Daoust & Wetherall,Parker DW,,
Parker,HI/US,Galvan & Williams,Parker GW,,
Parker,HI/US,Henderson & Nikolai,Parker HN,,
Parker,HI/US,Long & Scholz,Parker SL,,
Rowland Hall,UT/US,Brown & Hoglund,Rowland Hall BH,,
Rowland Hall,UT/US,Orgain & Lasater,Rowland Hall OL,,
Saratoga,CA/US,Tsang & Luo,Saratoga TL,,
Skyline,UT/US,Averin & Zou,Skyline AZ,,
St John's,TX/US,Greenberg & Zhao,St John's GZ,,
Stockdale,CA/US,Gaikwad & Trang,Stockdale TG,,
Westmont,CA/US,Chintapatla & Mohanty,Westmont CM,,
Westmont,CA/US,Malhotra & Seidel,Westmont MS,,
Westmont,CA/US,Nellayappan & Lee,Westmont NL,,
Westmont,CA/US,Moredock & Sattanathan,Westmont SM,,