Institution,Location,Entry,Code,Record
Able2Shine,CA/US,He & Au,Able2Shine HA,
Acton-Boxborough,MA/US,Gupta & Wu,Acton-Boxborough GW,
Amador Valley,CA/US,Gao & Jeon,Amador Valley GJ,
Amador Valley,CA/US,Wong & Jaladi,Amador Valley JW,
American Heritage Broward,FL/US,Chen & Ciril,American Heritage Broward CC,
American Heritage Broward,FL/US,Pinto & Charania,American Heritage Broward CP,
American Heritage Broward,FL/US,Guydouk & Tammareddy,American Heritage Broward GT,
American Heritage Broward,FL/US,Mishiev & Narasimhan,American Heritage Broward MN,
American Heritage Broward,FL/US,Sasson & Jino,American Heritage Broward SJ,
American Heritage Broward,FL/US,Shukla & Rajamanikandan,American Heritage Broward SR,
Archbishop Mitty,CA/US,Das & Mahajan,Archbishop Mitty DM,
Archbishop Mitty,CA/US,Sahu & Srinivasan,Archbishop Mitty SS,
Arizona College Prep,AZ/US,Nayak & Duggirala,Arizona  ND,
Arizona College Prep,AZ/US,Venkat & Velicheti,Arizona  VV,
Atlantic Independent,GA/US,Lee & Chen,Atlantic Independent LC,
Avenues: The World,NY/US,Yi & Jacques,Avenues: The World JY,
BASIS Chandler Independent,AZ/US,Yelamanchili & Annapureddy,BASIS Chandler Independent YA,
BASIS Peoria Independent,AZ/US,Ashok & Lohani,BASIS Peoria Independent AL,
BASIS Peoria Independent,AZ/US,Cho & Korpe,BASIS Peoria Independent CK,
BASIS Peoria Independent,AZ/US,Chakrabarty & Nair,BASIS Peoria Independent CN,
BASIS Peoria Independent,AZ/US,Guru & Vattikuti,BASIS Peoria Independent GV,
BASIS Peoria Independent,AZ/US,Kusurkar & Moon,BASIS Peoria Independent KM,
BASIS Peoria Independent,AZ/US,Moon & Nagabandi,BASIS Peoria Independent MN,
BASIS Scottsdale,AZ/US,Arbit & Krishnan,BASIS Scottsdale AK,
Bellarmine College Prep,CA/US,Bozza & Musukula,Bellarmine  BM,
Bellarmine College Prep,CA/US,Banka & Tracey,Bellarmine  BT,
Bellarmine College Prep,CA/US,Jiang & Ling,Bellarmine  JL,
Bergen,NJ/US,Vignes & Dave,Bergen VD,
Bergen,NJ/US,Anchlia & Wu,Bergen WA,
Bronx Science,NY/US,Karlinsky & Fish,Bronx Science KF,
Bronx Science,NY/US,Li & Rahman,Bronx Science LR,
Bronx Science,NY/US,Singh & Qu,Bronx Science SQ,
Bronx Science,NY/US,Wolf & Farooqui,Bronx Science WF,
Brophy,AZ/US,Rizvi & Paul,Brophy RP,
Brother Rice,MI/US,Barbat & Juncaj,Brother Rice BJ,
Brother Rice,MI/US,Kallabat & Pinto,Brother Rice PK,
Brother Rice,MI/US,Szura & Guo,Brother Rice SG,
Buffalo NY Independent,NY/US,Brace & Merchant,Buffalo NY Independent BM,
Canyon Crest,CA/US,Shi & Xiong,Canyon Crest SX,
Canyon Crest,CA/US,Wang & Synn,Canyon Crest WS,
Centennial HS (MD),MD/US,Cao & Zhao,Centennial HS (MD) CZ,
Centennial,TX/US,Kolli & Pius,Centennial KP,
Christopher Columbus,FL/US,Caram & Ross,Christopher Columbus CR,
Christopher Columbus,FL/US,Gonzalez & Gell,Christopher Columbus GG,
College Prep,CA/US,Boykin & Rees,College Prep BR,
College Prep,CA/US,Fong & Kumar,College Prep FK,
College Prep,CA/US,Hao & Pak,College Prep HP,
College Prep,CA/US,Jhaveri & Lee,College Prep JL,
Cranbrook,MI/US,Dong & Yang,Cranbrook DY,
Cranbrook,MI/US,Feng & Qian,Cranbrook FQ,
Cupertino,CA/US,Gudala & Xiong,Cupertino GX,
Cupertino,CA/US,Kohli & Nawani,Cupertino KN,
Cupertino,CA/US,Liang & Yao,Cupertino LY,
Dougherty Valley,CA/US,Chawda & Mallajosyula,Dougherty Valley MC,
Dougherty Valley,CA/US,Pal & Gireesha,Dougherty Valley PG,
Dougherty Valley,CA/US,Santorsiero & Alurkar,Dougherty Valley SA,
Dougherty Valley,CA/US,Jamal & Vo,Dougherty Valley VJ,
Eden Prairie,MN/US,Virdi & Virdi,Eden Prairie VV,
Emerald,CA/US,Agarwal & Gabada,Emerald AG,
Emerald,CA/US,Baindla & Xu,Emerald BX,
Emerald,CA/US,Gairola & Karur-Parekh,Emerald GK,
Emerald,CA/US,Goswami & Mamidi,Emerald GM,
Emerald,CA/US,Ramalingam & Muthyala,Emerald RM,
Emerald,CA/US,Saravanan & Agrawal,Emerald SA,
Eticko,ON/CA,Cai & Chen,Eticko CC,
Fairmont Prep,CA/US,Anderson & Young,Fairmont Prep AY,
Fairmont Prep,CA/US,Ji & Patel,Fairmont Prep JP,
Fairmont Prep,CA/US,Lee & Mallidi,Fairmont Prep LM,
Fairmont Prep,CA/US,Park & Ngo,Fairmont Prep PN,
Fairmont Prep,CA/US,Patel & Savdharia,Fairmont Prep PS,
Fairmont Prep,CA/US,Tsai & Kang,Fairmont Prep TK,
Flintridge Prep,CA/US,Zhao & Lavichant,Flintridge Prep ZL,
Foothill,CA/US,Khatri & Ramesh,Foothill KR,
Foothill,CA/US,Li & Tang,Foothill LT,
George Washington,CO/US,Holguin & Wang,George Washington HW,
George Washington,CO/US,Santucci & Englert,George Washington SE,
Grand Rapids City,MI/US,Kantz & Kulkarni,Grand Rapids City KK,
Gunn,CA/US,Aggarwal & Engstrom,Gunn AE,
Gunn,CA/US,Laxman & Chang,Gunn LC,
Hamilton,AZ/US,Chen & Muccala,Hamilton CM,
Hamilton,AZ/US,Ramkumar & Lin,Hamilton RL,
Hamilton,AZ/US,Yao & Lakkaraju,Hamilton YL,
Harbinger,CN,Feng & Zhou,Harbinger FZ,
Harbinger,CN,Lian & Wang,Harbinger LW,
Harker,CA/US,Savla & Xing,Harker SX,
Horace Mann,NY/US,Cheng & Wang,Horace Mann CW,
Horace Mann,NY/US,Ho & Ji,Horace Mann HJ,
Hunter,NY/US,Adi & Islam,Hunter AI,
Hunter,NY/US,Jetley & Khuu,Hunter JK,
Hunter,NY/US,Mak & Kraffczyk,Hunter MK,
Hunter,NY/US,Tsung & Wu,Hunter TW,
Hunter,NY/US,Weiss & Patel,Hunter WP,
Independence,CA/US,Gandhi & Shau,Independence SG,
Interlake,WA/US,Kim & Arora,Interlake AK,
Interlake,WA/US,Bie & Ramaswamy,Interlake BR,
Interlake,WA/US,Mi & Rao,Interlake MR,
Interlake,WA/US,Nemani & Binu,Interlake NB,
Interlake,WA/US,Mirza & Nath,Interlake NM,
Interlake,WA/US,Padwalkar & Wu,Interlake PW,
Interlake,WA/US,Qiu & Yang,Interlake QY,
Interlake,WA/US,Xu & Li,Interlake XL,
Interlake,WA/US,Yoon & Rajesh,Interlake YR,
Interlake,WA/US,Zhang & Wei,Interlake ZW,
Ivy Bridge,GA/US,Kinnarkar & Shah,Ivy Bridge KS,
Ivy Bridge,GA/US,Shah & Hwang,Ivy Bridge SH,
Ivy Bridge,GA/US,Tapaswi & Choi,Ivy Bridge TC,
Johnston,IA/US,Bajpai & Qi,Johnston BQ,
Keyspeak,CN,Liu & Cao,Keyspeak LC,
Lakeville North,MN/US,Maharjan & Kosobud,Lakeville North MK,
Lakeville North,MN/US,Shao & Wells,Lakeville North SW,
Lakeville North,MN/US,Tung & Zheng,Lakeville North TZ,
Lakeville South,MN/US,McDonald & Berntson,Lakeville South MB,
Lambert,GA/US,Myneni & Budda,Lambert BM,
Lambert,GA/US,Sood & Chatterjee,Lambert CS,
Lambert,GA/US,Liu & Mukker,Lambert LM,
Lambert Unaffiliated,GA/US,Baddela & Liew,Lambert Unaffiliated BL,
Leland,CA/US,Manral & Bansal,Leland MB,
Leland,CA/US,Rao & Wang,Leland WR,
Libertas,MA/US,Kumar & Kasera,Libertas KK,
Libertas,MA/US,Lee & Shrivastava,Libertas SL,
Libertas,MA/US,Wu & Duann,Libertas WD,
Lincoln-Sudbury,MA/US,Khan & Ham,Lincoln-Sudbury KH,
Lincoln-Sudbury,MA/US,Rani & Chen,Lincoln-Sudbury RC,
Livingston,NJ/US,Zhang & Volkov,Livingston ZV,
Los Altos,CA/US,Desai & Ding,Los Altos DD,
Loyola,CA/US,Han & Kassabian,Loyola HK,
Loyola,CA/US,Lally & Ito Wilson,Loyola LI,
Lynbrook,CA/US,Kandala & Gao,Lynbrook KG,
Lynbrook,CA/US,Loonawat & Patel,Lynbrook LP,
Lynbrook,CA/US,Rajkumar & Pan,Lynbrook PR,
Magnolia,TX/US,Choubey & Shah,Magnolia ChSh,
Magnolia,TX/US,Chaisanguanthum & Saravanan,Magnolia CS,
Magnolia,TX/US,Sirdeshmukh & Wang,Magnolia SW,
Magnolia,TX/US,Yan & Zhong,Magnolia YZ,
McLean,VA/US,Wu & Wilson,McLean WW,
Miramonte,CA/US,Chen & Zheng,Miramonte CZ,
Miramonte,CA/US,Loughran & Deng,Miramonte LD,
Miramonte,CA/US,Mujaddidi & Su,Miramonte MS,
Miramonte,CA/US,Riley & Lippi,Miramonte RL,
Miramonte,CA/US,Chung & Skjorshammer,Miramonte SC,
Mission San Jose,CA/US,Chatterjee & Manadhata,Mission San Jose CM,
Mission San Jose,CA/US,Doan & Pan,Mission San Jose DP,
Mission San Jose,CA/US,Wudaru & Duhoon,Mission San Jose DW,
Mission San Jose,CA/US,Manami-Ratan & Gowda,Mission San Jose MG,
Mission San Jose,CA/US,Dinker & Qin,Mission San Jose QD,
Mission San Jose,CA/US,Ramkumar & Walia,Mission San Jose RW,
Mission San Jose,CA/US,Sethuraman & Bhutoria,Mission San Jose SB,
Mission San Jose,CA/US,Shah & Pala,Mission San Jose SP,
Mission San Jose,CA/US,Vashisht & Sood,Mission San Jose VS,
Monta Vista,CA/US,Tai & Goyal,Monta Vista GT,
Montgomery Blair,MD/US,Guha & Shao,Montgomery Blair GS,
MSE-Ridgewood Independent,NJ/US,Bhandari & Motivala,MSE-Ridgewood Independent BM,
National Debate Club (NDC),IL/US,Mahatsente-Tewelde & Gupta,National Debate Club (NDC) GM,
National Debate Club (NDC),IL/US,Iyengar & Balu,National Debate Club (NDC) IB,
Northeast Atlantic Independent,MA/US,Almedhychy & Kopinja,Northeast Atlantic Independent AK,
Northeast Atlantic Independent,MA/US,Choudhury & Wang,Northeast Atlantic Independent CW,
Northeast Atlantic Independent,MA/US,Rafat & Yee,Northeast Atlantic Independent RY,
Northeast Atlantic Independent,MA/US,Subramanian & Shraytah,Northeast Atlantic Independent SS,
Northwood,CA/US,Kamat & Gupta,Northwood KG,
Nueva,CA/US,Deitcher & Chen,Nueva DC,
Nueva,CA/US,Rong & Iyer,Nueva RI,
Nueva,CA/US,D'Agostino & Yang,Nueva YD,
Pacific Blue Prep,WA/US,Wu & Zhang,Pacific Blue Prep WZ,
Palm Beach Independent,FL/US,McDowell & Mason,Palm Beach Independent MM,
Palo Verde,NV/US,Cisneros & Zhong,Palo Verde CZ,
Papaya Valley,CA/US,Corbu & Nagulapalli,Papaya Valley NC,
Poolesville,MD/US,Dave & Hou,Poolesville DH,
Poolesville,MD/US,Liu & Shah,Poolesville LS,
Potomac,MD/US,Datta & Godlaveti,Potomac DG,
Quarry Lane,CA/US,Jain & Shah,Quarry Lane JS,
Ravenwood,TN/US,Ideus & Tiyyagura,Ravenwood TI,
Richard Montgomery,MD/US,Lam & Li,Richard Montgomery LL,
Ridge,NJ/US,Sherman & Hira,Ridge SH,
Ridge,NJ/US,Sateeja & Li,Ridge SL,
Ridge,NJ/US,Sarwal & Sharma,Ridge SS,
Saratoga,CA/US,Jia & Goswami,Saratoga JG,
Saratoga,CA/US,Ravishankar & Tirthapura,Saratoga RT,
Saratoga,CA/US,Zhao & Chen,Saratoga ZC,
Sidwell Independent,DC/US,Huang & Andrews,Sidwell Independent AH,
St Francis,CA/US,Coon & Wang,St Francis CW,
Stuyvesant,NY/US,Bovenzi & Devery Michaelson,Stuyvesant BD,
Success Academy HSLA-HARLEM,NY,Camara & Ndiaye,Success Academy HSLA-HARLEM CN,
Success Academy HSLA-MANHATTAN,NY/US,Bradshaw & Moumouni,Success Academy HSLA-MANHATTAN BM,
Success Academy HSLA-MANHATTAN,NY/US,Jarju & Diallo,Success Academy HSLA-MANHATTAN DJ,
Success Academy HSLA-MANHATTAN,NY/US,Eleshin & Brotherson,Success Academy HSLA-MANHATTAN EB,
Summit,NJ/US,Arora & Patel,Summit AP,
Summit,NJ/US,Huang & Au-Yeung,Summit HA,
Summit,NJ/US,Liang & Davies,Summit LD,
Summit,NJ/US,Mudgal & Tham,Summit MT,
Summit,NJ/US,Zahtila & Sood,Summit ZS,
Syosset,NY/US,Meng & Zhao,Syosset MZ,
Taipei American,TW,Bate Agborsangaya & Aung,Taipei American BA,
Taipei American,TW,Kuo & Huang,Taipei American HK,
Taipei American,TW,Han & Lee,Taipei American HL,
Taipei American,TW,Hung & Tsai,Taipei American HT,
Taipei American,TW,Kuo & Chen,Taipei American KC,
Taipei American,TW,Liu & Lin,Taipei American LiLi,
Taipei American,TW,Lee & Lee,Taipei American LL,
Taipei American,TW,Wang & Seo,Taipei American WS,
Valley Christian,CA/US,Li & Liu,Valley Christian LL,
VDA - Vancouver,BC/CA,Chen & Zhang,VDA - Vancouver CZ,
VDA - Vancouver,BC/CA,Jin & Jin,VDA - Vancouver JJ,
VDA - Vancouver,BC/CA,Lu & Zhou,VDA - Vancouver LZ,
VDA - Vancouver,BC/CA,Tu & Xing,VDA - Vancouver TX,
VDA - Vancouver,BC/CA,Ye & Guo,VDA - Vancouver YG,
Vista Del Lago,CA/US,Balakrishnan & Pasumarthi,Vista Del Lago BP,
Vista Del Lago,CA/US,Yarlagadda & Kolli,Vista Del Lago KY,
Walt Whitman,MD/US,Joshi & Ilias,Walt Whitman JI,
Walt Whitman,MD/US,Lekas & Shukla,Walt Whitman LS,
Windward,CA/US,Fischler & Gray,Windward FG,
Winston Churchill,MD/US,Yuan & Fan,Winston Churchill FY,
Youth Development Resource Center,CA/US,Liang & Luo,Youth Development Resource Center LL,