School,Location,Entry,Code,Status,Record
Able2Shine,CA/US,Hu & Liu,Able2Shine HL,,
Alsion Montessori,CA,Samsi & Sharma,Alsion Montessori SS,,
Amador Valley,CA/US,Li & Ruan,Amador Valley LR,,
Amador Valley,CA/US,Zhou & Jaladi,Amador Valley ZJ,,
Amador Valley,CA/US,Zhang & Lin,Amador Valley ZL,,
Archbishop Mitty,CA/US,Ashok & Das,Archbishop Mitty AD,,
Archbishop Mitty,CA/US,Bordia & Maheshwari,Archbishop Mitty MB,,
Archbishop Mitty,CA/US,Mahajan & Lee,Archbishop Mitty ML,,
Archbishop Mitty,CA/US,Macherla & Nair,Archbishop Mitty MN,,
BASIS Chandler,AZ/US,Choudhri & Choudhury,BASIS Chandler CC,,
Bellarmine College Prep,CA/US,Maheshwari & Rana,Bellarmine  MR,,
Bellevue,WA/US,Wang & Zhang,Bellevue WZ,,
Castro Valley,CA/US,Lee & Tchang,Castro Valley LT,,
Cherokee Trail,CO/US,Ganuthula & Johancen-Walt,Cherokee Trail GJ,,
College Prep,CA/US,Boykin & Huang,College Prep BH,,
College Prep,CA/US,Bhatnagar & Peng,College Prep BP,,
College Prep,CA/US,Chui & Saxonov,College Prep CS,,
College Prep,CA/US,Chung & Wolff-Merovick,College Prep CW,,
College Prep,CA/US,Elassaad & Ratna,College Prep ER,,
College Prep,CA/US,Huang & Pirone,College Prep HP,,
College Prep,CA/US,Yu & Zhu,College Prep YZ,,
Cranbrook,MI/US,Patel & Patel,Cranbrook PP,,
Davidson Academy Online,NV/US,Chang & Song,Davidson Academy Online CS,,
Davidson Academy Online,NV/US,Klapach & Pechuk,Davidson Academy Online KP,,
Del Norte Independent,CA/US,Arora & Hossain,Del Norte Independent AH,,
Del Norte Independent,CA/US,Atti & Wakayama,Del Norte Independent AW,,
Del Norte Independent,CA/US,Hu & Zhao,Del Norte Independent HZ,,
Del Norte Independent,CA/US,Ji & Zhang,Del Norte Independent JZ,,
Del Norte Independent,CA/US,Lee & Huang,Del Norte Independent LH,,
Del Norte Independent,CA/US,Lam & Wang,Del Norte Independent LW,,
Del Norte Independent,CA/US,Ni & Zhang,Del Norte Independent NZ,,
Dougherty Valley,CA/US,Apte & Mei,Dougherty Valley AM,,
Dougherty Valley,CA/US,Chawda & Bhayana,Dougherty Valley CB,,
Dougherty Valley,CA/US,Gandhi & Bindlish,Dougherty Valley GB,,
Dougherty Valley,CA/US,Gandhi & Krishnan,Dougherty Valley GK,,
Dougherty Valley,CA/US,Jain & Anand,Dougherty Valley JA,,
Dougherty Valley,CA/US,Kathrani & Panigrahi,Dougherty Valley KP,,
Dougherty Valley,CA/US,Pamula & Desai,Dougherty Valley PD,,
Dougherty Valley,CA/US,Pinnamaneni & Mehrotra,Dougherty Valley PM,,
Dougherty Valley,CA/US,Shah & Dhamodaran,Dougherty Valley SD,,
Dougherty Valley,CA/US,Chopra & Bahrani,Dougherty Valley ChBa,,
Edina,MN/US,Jiang & Shapiro,Edina JS,,
Edmonds Woodway,WA/US,Gibson & Meyers,Edmonds Woodway GM,,
El Camino Real Charter,CA/US,Avidan & Ellis,El Camino Real Charter AE,,
El Camino Real Charter,CA/US,Dave & Lehavi,El Camino Real Charter DL,,
Elko,NV/US,Baeth & Nelson,Elko BN,,
Evergreen Valley,CA/US,Cheethirala & Kotha,Evergreen Valley CK,,
Fairmont Prep,CA/US,Ahmed & Shingre,Fairmont Prep AS,,
Fairmont Prep,CA/US,Anderson & Young,Fairmont Prep AY,,
Fairmont Prep,CA/US,Debian & Singh,Fairmont Prep DS,,
Fairmont Prep,CA/US,Hyun & You,Fairmont Prep HY,,
Fairmont Prep,CA/US,Jawadi & Siddiqui,Fairmont Prep JS,,
Fairmont Prep,CA/US,Kapoor & Gupta,Fairmont Prep KG,,
Fairmont Prep,CA/US,Li & Singh,Fairmont Prep LS,,
Fairmont Prep,CA/US,Mehran & Manesh,Fairmont Prep MM,,
Fairmont Prep,CA/US,Shah & Savdharia,Fairmont Prep SS,,
Fairmont Prep,CA/US,Tsai & Kapoor,Fairmont Prep TK,,
Fairmont Prep,CA/US,Townsend & Patel,Fairmont Prep TP,,
Fairmont Prep,CA/US,Alkhairy & Alkhairy,Fairmont Prep AlAl,,
Fairview,CO/US,Aumentado & Berg,Fairview AB,,
Fairview,CO/US,Grindel & Kadekodi,Fairview GK,,
Fairview,CO/US,Wang & Hayman,Fairview WH,,
Flintridge Prep,CA/US,Choi & Ye,Flintridge Prep CY,,
Flintridge Prep,CA/US,Hartman & Cheng,Flintridge Prep HC,,
Flintridge Prep,CA/US,Waldheim & Yoo,Flintridge Prep WY,,
Flintridge Prep,CA/US,Zhao & Vaughn,Flintridge Prep ZV,,
Flower Mound,TX/US,Bhattacharya & Sharma,Flower Mound BS,,
Flower Mound,TX/US,Gopinath & Mavuleti,Flower Mound GM,,
Flower Mound,TX/US,Kim & Kashyap,Flower Mound KK,,
Flower Mound,TX/US,Morris & Kurra,Flower Mound MK,,
Foothill,CA/US,Adhikesaven & Das,Foothill AD,,
Foothill,CA/US,Muralicharan & Kaushik,Foothill MK,,
Foothill,CA/US,PalaniThangavelappan & Lee,Foothill PL,,
Foothill,CA/US,Pu & Muppana,Foothill PM,,
Foothill,CA/US,Swaminathan & Penumuchu,Foothill SP,,
Fort Collins,CO/US,Grobaski & Glover,Fort Collins GG,,
Fort Collins,CO/US,Kao & Chaubal,Fort Collins KC,,
Fort Collins,CO/US,Steger & Yatabe,Fort Collins SY,,
Fullerton Union,CA/US,Mauldin & Lee,Fullerton Union ML,,
Fullerton Union,CA/US,Saldana & Patlan,Fullerton Union SP,,
George Washington,CO/US,Bitzer & Ryan,George Washington BR,,
George Washington,CO/US,Burtchaell & Zarezadeh Mehrizi,George Washington BZ,,
George Washington,CO/US,Engelstad & Farrell,George Washington EF,,
George Washington,CO/US,Feeny & Fox,George Washington FF,,
George Washington,CO/US,Guber & Holland,George Washington GH,,
George Washington,CO/US,Kulig & Patel,George Washington KP,,
George Washington,CO/US,Sheehan & Wang,George Washington SW,,
Gunn,CA/US,Aggarwal & Engstrom,Gunn AE,,
Gunn,CA/US,Chang & Laxman,Gunn CL,,
Gunn,CA/US,Kang & Yang,Gunn KY,,
Gunn,CA/US,Minion & Perkash,Gunn MP,,
Gunn,CA/US,Ogawa & Shao,Gunn OS,,
Gunn,CA/US,Yao & Hu,Gunn YH,,
Hendrickson,TX/US,Nash & Hay,Hendrickson NH,,
Honor,CA/US,Bidani & Joshi,Honor BJ,,
Independence,CA/US,Truong & Khan,Independence TK,,
Independent Hamilton,AZ/US,Tambe & Nigam,Independent Hamilton TN,,
Interlake,WA/US,Fuhlman & Zhu,Interlake FZ,,
Interlake,WA/US,Li & Tao,Interlake LT,,
Isidore Newman,LA/US,Krishnan & Rills,Isidore Newman KR,,
Isidore Newman,LA/US,Lombard & Wilson,Isidore Newman LW,,
L C Anderson,TX/US,Ben-Avi & Coleman,L C Anderson BC,,
L C Anderson,TX/US,Martin & Sharma,L C Anderson MS,,
La Salle College Prep,CA/US,Nahas & Gladstein,La Salle  NG,,
Leland,CA/US,Iyer & Kumar,Leland IK,,
Leland,CA/US,Liu & Rao,Leland LR,,
Leland,CA/US,Shukla & Wehzan,Leland SW,,
Leland,CA/US,Xie & Huang,Leland XH,,
Los Altos,CA/US,Lingo & Wang,Los Altos LW,,
Loyola,CA/US,Liu & Baweja,Loyola LB,,
Loyola,CA/US,McHugh & Fowkes,Loyola MF,,
Loyola,CA/US,Spagnoletto & Skinner,Loyola SS,,
Loyola,CA/US,Lee & Ballantine,Loyola LeBa,,
Lynbrook,CA/US,Bhethanabotla & Kamchetty,Lynbrook BK,,
Lynbrook,CA/US,Bandopadhyay & Singh,Lynbrook BS,,
Lynbrook,CA/US,Jain & Jani,Lynbrook JJ,,
Lynbrook,CA/US,Patel & Choudhary,Lynbrook PC,,
Lynbrook,CA/US,Patel & Loonawat,Lynbrook PL,,
Lynbrook,CA/US,Pan & Rajkumar,Lynbrook PR,,
Milpitas,CA/US,Jang & Katkar,Milpitas JK,,
Mira Loma,CA/US,Chebiyam & Castillo,Mira Loma CC,,
Mira Loma,CA/US,Guo & Sharma,Mira Loma GS,,
Mira Loma,CA/US,Kodavatikanti & Srikumar,Mira Loma KS,,
Mira Loma,CA/US,Mahendra & Pradeep,Mira Loma MP,,
Mira Loma,CA/US,Nigah & Jagadish,Mira Loma NJ,,
Mira Loma,CA/US,Nadarasa & Vankayala,Mira Loma NV,,
Mira Loma,CA/US,Sudharsan & Amir,Mira Loma SA,,
Mira Loma,CA/US,Talukder & Anantaraman,Mira Loma TA,,
Miramonte,CA/US,Balonick & Chui,Miramonte BC,,
Miramonte,CA/US,Mujaddidi & Arndt,Miramonte MA,,
Miramonte,CA/US,Roach & Anagnost,Miramonte RA,,
Miramonte,CA/US,Raza & Filonov,Miramonte RF,,
Miramonte,CA/US,Starkey & Lee,Miramonte SL,,
Miramonte,CA/US,Yuan & Martono,Miramonte YM,,
Miramonte,CA/US,Zhang & Loughran,Ryan Loughran,,
Mission San Jose,CA/US,Goyal & Gupta,Mission San Jose GG,,
Mission San Jose,CA/US,Kulkarni & Jani,Mission San Jose KJ,,
Mission San Jose,CA/US,Kao & Kodnani,Mission San Jose KK,,
Mission San Jose,CA/US,Manami-Ratan & Pallikonda,Mission San Jose MP,,
Mission San Jose,CA/US,Vellani & Pasha,Mission San Jose VP,,
Mission San Jose,CA/US,Walia & Duhoon,Mission San Jose WD,,
Monta Vista,CA,Goyal & Tai,Monta Vista GT,,
Monta Vista,CA,Malik & Aeron,Monta Vista MA,,
Monte Vista,CA/US,Kan & Shalizi,Monte Vista KS,,
Northwood,CA/US,Badari & Thirupathi,Northwood BT,,
Northwood,CA/US,Godse & Kulkarni,Northwood GK,,
Notre Dame San Jose,CA/US,Chaturvedi & Bhardwaj,Notre Dame San Jose CB,,
Notre Dame San Jose,CA/US,Sundaresan & Anand,Notre Dame San Jose SA,,
Oakwood,CA/US,Balle & Turk,Oakwood BT,,
Oakwood,CA/US,Gardner-berg & Hoover,Oakwood GH,,
Oakwood,CA/US,Reich & Weiner,Oakwood RW,,
Potomac,MD/US,Fu & Liao,Potomac FL,,
Potomac,MD/US,Meng & Singh,Potomac MS,,
St Francis,CA/US,Chang & Bastin,St Francis CB,,
St Francis,CA/US,Potharaju & Mishra,St Francis PM,,
San Dieguito,CA/US,Cox & Ballow,San Dieguito CB,,
Saratoga,CA/US,Cai & Tsang,Saratoga CT,,
Saratoga,CA/US,Goswami & Jia,Saratoga GJ,,
Saratoga,CA/US,Mao & Luo,Saratoga ML,,
Silver Creek,CA/US,Ali & Bellapu,Silver Creek AB,,
Silver Creek,CA/US,Jain & Kaur,Silver Creek JK,,
Tabogoshi,CA/US,Tabofunda & Ghosh,Tabogoshi TG,,
Taipei American,TW,Hsu & Huang,Taipei American HH,,
Cambridge,CA/US,Eppich & Jackman,Cambridge EJ,,
Cambridge,CA/US,Han & Lee,Cambridge HL,,
Cambridge,CA/US,Lee & Bagat,Cambridge LB,,
Cambridge,CA/US,Sinha & Ho,Cambridge SH,,
Cambridge,CA/US,Tianshi & Aquino,Cambridge TA,,
Golden State,CA/US,Sheng & Cao,Golden State SC,,
Harker,CA/US,Antony & Hoang,Harker AH,,
Harker,CA/US,Goenka & Jain,Harker GJ,,
Harker,CA/US,Liu & Masson,Harker LM,,
Harker,CA/US,Maniar & Lan,Harker ML,,
Harker,CA/US,Rai & Mukherjee,Harker RM,,
Harker,CA/US,Sahasi & Sahasi,Harker SS,,
Harker,CA/US,Zhang & Chen,Harker ZC,,
Kinkaid,TX/US,Tang & Lara,Kinkaid TL,,
Kinkaid,TX/US,Yang & Zhang,Kinkaid YZ,,
Nueva,CA/US,Azevedo & Chen,Nueva AC,,
Nueva,CA/US,Deitcher & McLaughlin,Nueva DM,,
Nueva,CA/US,Lai & Chan,Nueva LC,,
Quarry Lane,CA/US,Bajaj & Du,Quarry Lane BD,,
Quarry Lane,CA/US,Kannan & Narasimha,Quarry Lane KN,,
Quarry Lane,CA/US,Manyam & Sharma,Quarry Lane MS,,
Quarry Lane,CA/US,Patel & Sharma,Quarry Lane PS,,
Quarry Lane,CA/US,Yan & Yan,Quarry Lane YY,,
Science,CA,Muney & Wick,Science MW,,
Science,CA,Rainman & Sarukhanyan,Science RS,,
Westlake,TX/US,Kondagunturi & Pillay,Westlake KP,,
Westview,CA/US,Deng & Parekh,Westview DP,,
Westwood,TX/US,Dasari & Venkat,Westwood DV,,
Westwood,TX/US,Kutianawala & Boddeti,Westwood KB,,
Winston Churchill,TX/US,Ingram & MacKay,Winston Churchill IM,,