School,Location,Entry,Code,Record
Acton-Boxborough,MA/US,Dhananjaya & Mullangi,Acton-Boxborough DM,
Acton-Boxborough,MA/US,Stein & Su,Acton-Boxborough SS,
Alliance,GA/US,Bavera & chunduri,Alliance BC,
Alliance,GA/US,Rikhil & Ranjit,Alliance RR,
BC Academy,BC/CA,Zu & Xie,BC Academy ZX,
BL,BC/CA,Wu & Zhang,BL WZ,
Bergen County Academies,NJ/US,Smolyanskiy & Disler,Bergen County Academies SD,
Bergen,NJ/US,Choi & Tsai,Bergen CT,
Bergen,NJ/US,Park & Shah,Bergen PS,
Bergen,NJ/US,Suchir & Joshi,Bergen SJ,
Brentwood,TN/US,Crouch & Khairollahi,Brentwood CK,
Canyon Crest,CA/US,Henckels & John,Canyon Crest HJ,
Centennial,TX/US,Roongta & Chen,Centennial RC,
DebateDrills,CA/US,Chaudhuri & Jani,DebateDrills CJ,
Edvic,AB/CA,Jiao & Zang,Edvic JZ,
Edvic,AB/CA,Zheng & Li,Edvic ZL,
Fairmont Prep,CA/US,Mehran & Kapoor,Fairmont Prep MK,
Fairmont Prep,CA/US,Savdharia & Shah,Fairmont Prep SS,
Fairmont Prep,CA/US,Townsend & Kapoor,Fairmont Prep TK,
Georgetown Prep,MD/US,Karzai & Malloy,Georgetown Prep KM,
Glen Rock,NJ/US,Liang & Johnston,Glen Rock LJ,
Hilliard Darby,OH/US,Anand & Pothrai,Hilliard Darby AP,
Independent NYC,NY/US,Izmirly & wolf,Independent NYC IW,
JR Masterman,PA/US,Chancey & Anastasi,JR Masterman CA,
JR Masterman,PA/US,Doyle & Cohen,JR Masterman DC,
Johns Creek Unaffiliated,GA/US,Biswas & Tang,Johns Creek Unaffiliated BT,
Jonesboro,AR/US,Hacker & Nair,Jonesboro HN,
Jonesboro,AR/US,Storer & Young,Jonesboro SY,
Lincoln-Sudbury,MA/US,Agireddy & Fazly,Lincoln-Sudbury AF,
Livingston,NJ/US,Malde & Gangwal,Livingston MG,
Livingston,NJ/US,Sur & Nistala,Livingston SN,
Livingston,NJ/US,Wang & Hall,Livingston WH,
Montgomery Blair,MD/US,Guha & Nam,Montgomery Blair GN,
Montgomery Blair,MD/US,Liu & Fan,Montgomery Blair LF,
Montgomery Blair,MD/US,Li & Tang,Montgomery Blair LT,
Montgomery Blair,MD/US,Wang & Kailad,Montgomery Blair WK,
Newton South,MA/US,Cheng & Ye,Newton South CY,
Newton South,MA/US,Dror & Fiete,Newton South DF,
Newton South,MA/US,Guan & Kapoor,Newton South GK,
Newton South,MA/US,Hurwitz & Menon,Newton South HM,
Newton South,MA/US,Krishnamoorthy & Malihi,Newton South KM,
Newton South,MA/US,Rotberg & Kouspakian,Newton South RK,
Newton South,MA/US,Shin & Tarafdar,Newton South ST,
Newton South,MA/US,Zeng & Wei,Newton South ZW,
Poolesville,MD/US,Venkat & Wen,Poolesville VW,
Potomac,MD/US,Barold & Dev,Potomac BD,
Potomac,MD/US,Chatterjee & Vadlamudi,Potomac CV,
Potomac,MD/US,Pothu & Thomas,Potomac PT,
Potomac,MD/US,Rask & Uppalapati,Potomac RU,
Potomac,MD/US,Schaffzin & Zhang,Potomac SZ,
Potomac,MD/US,Wang & Yuan,Potomac WY,
Potomac II,NJ/US,Donnelly & Ma,Westfield DM,
Richard Montgomery,MD/US,Deng & Wang,Richard Montgomery DW,
Richard Montgomery,MD/US,Lin & Shue,Richard Montgomery LS,
Richard Montgomery,MD/US,Luo & Thentu,Richard Montgomery LT,
Richard Montgomery,MD/US,Tu & Wang,Richard Montgomery TW,
Scarsdale,NY,Liu & Liu,Scarsdale LL,
Sidwell Independent,DC/US,Bao & Syed,Sidwell Independent BS,
Sidwell Independent,DC/US,Chen & Sima,Sidwell Independent CS,
Sidwell Independent,DC/US,Chander & Zhao,Sidwell Independent CZ,
South Forsyth,GA/US,Kulkarni & Ashok,South Forsyth AK,
South Forsyth,GA/US,Gautam & Gupta,South Forsyth GG,
Southlake Carroll,TX/US,Subramanian & Reddy,Southlake Carroll SR,
Speech and Debate India,IN,Madhu & Shrotri,Speech and Debate India MS,
St Luke's,CT/US,Gerber & Gilrain-Lennon,St Luke's GG,
St Luke's,CT/US,Welch & Memon,St Luke's WM,
Strake Jesuit College Prep,TX/US,Chimata & Turley,Strake Jesuit  CT,
Blake,MN/US,Dalton & Verma,Blake DV,
Trinity,NY,Levy & Epstein,Trinity LE,
Thomas Jefferson HSST,VA/US,Choi & Bhattachan,Thomas Jefferson HSST CB,
Thomas Jefferson HSST,VA/US,Khandelwal & Li,Thomas Jefferson HSST KL,
Thomas Jefferson HSST,VA/US,Sun & Do,Thomas Jefferson HSST SD,
Thomas S. Wootton,MD/US,Tang & Wu,Thomas S. Wootton TW,
VDA - Vancouver,BC/CA,Han & Wu,VDA - Vancouver HW,
VDA - Vancouver,BC/CA,Liang & Tian,VDA - Vancouver LT,
VDA - Vancouver,BC/CA,Wu & Young,VDA - Vancouver WY,
VDA - Vancouver,BC/CA,Wu & Zhao,VDA - Vancouver WZ,
VDA - Vancouver,BC/CA,Wu & Zhou,VDA - Vancouver WuZh,
Walt Whitman,MD/US,Bell & Gulati,Walt Whitman BG,
Walt Whitman,MD/US,Stickney & Tsao,Walt Whitman ST,
Walt Whitman,MD/US,Weerakoon & Walley,Walt Whitman WW,
Wayland,MA/US,Kumar & Wightman,Wayland KW,
Winston Churchill,MD/US,Halliburton & Tang,Winston Churchill HT,
Winston Churchill,MD/US,Wang & Wong,Winston Churchill WW,
