Institution,Location,Entry,Code,Status,Record
Allen HS Lowery Freshman Center,TX/US,Baino & Joseph,Allen HS Lowery Freshman Center BJ,,
Allen HS Lowery Freshman Center,TX/US,Pantam & Shenoy,Allen HS Lowery Freshman Center PS,,
Allen HS Lowery Freshman Center,TX/US,Raj & Trivedi,Allen HS Lowery Freshman Center RT,,
Allen HS Lowery Freshman Center,TX/US,Shameer & Sripada,Allen HS Lowery Freshman Center SS,,
Clark,TX/US,Shankar & Garg,Clark SG,,
Flower Mound,TX/US,Kim & Kashyap,Flower Mound KK,,
Flower Mound,TX/US,Sadineni & Sajja,Flower Mound SS,,
Flower Mound,TX/US,Vijaysarathy & Mudugere,Flower Mound VM,,
Garland,TX/US,Rodgers & Moreno,Garland RM,,
Garland,TX/US,Rodgers & Tsegaye,Garland TR,,
Marcus,TX/US,Makam & Sreeju,Marcus MS,,
Pembroke Hill,MO/US,Renner & Anderson,Pembroke Hill RA,,
Plano East,TX/US,Baliarsingh & Gonchigar,Plano East BG,,
Plano East,TX/US,Bairineni & Kuniyil,Plano East KB,,
Plano East,TX/US,To & Litmanen,Plano East TL,,
Plano West,TX/US,Appan & Bai,Plano West AB,,
Plano West,TX/US,Ayuluri & Vemireddy,Plano West AV,,
Plano West,TX/US,Chachad & Patel,Plano West PC,,
Southlake Carroll,TX/US,Chelluri & Makhdumi,Southlake Carroll CM,,
Southlake Carroll,TX/US,Chanana & Subhash,Southlake Carroll CS,,
Southlake Carroll,TX/US,Dharani & Tamirisa,Southlake Carroll DT,,
Southlake Carroll,TX/US,Golla & Wang,Southlake Carroll GW,,
Southlake Carroll,TX/US,Hussain & Ingu,Southlake Carroll HI,,
Southlake Carroll,TX/US,Tummala & Reddy,Southlake Carroll TR,,