School,Location,Entry,Code,Record
A and M Consolidated,TX/US,Li & Seipp,A and M Consolidated LS,
A and M Consolidated,TX/US,Veerani & Wolf,A and M Consolidated VW,
Acton-Boxborough,MA/US,Das & Murthy,Acton-Boxborough DM,
Acton-Boxborough,MA/US,Leo & Jiang,Acton-Boxborough LJ,
Acton-Boxborough,MA/US,Su & Stein,Acton-Boxborough SS,
Alliance,GA/US,Ranjit & Yoon,Alliance RY,
American Heritage Broward,FL/US,Alvarez & Pinto,American Heritage Broward AP,
American Heritage Broward,FL/US,Charania & Ciril,American Heritage Broward CC,
American Heritage Broward,FL/US,Kim & Wong,American Heritage Broward KW,
American Heritage Broward,FL/US,Wu & Wu,American Heritage Broward WW,
American Heritage Palm Beach,FL/US,Dahabra & Rohit,American Heritage Palm Beach DR,
American,CA/US,Raghavan & Kim,American RK,
AugLi,IN,CHAUDHARY & Tandon,AugLi CT,
AugLi,IN,Yadav & Agarwal,AugLi YA,
BASIS Independent McLean,VA/US,Jones & Rask,BASIS Independent McLean JR,
BC Academy,BC/CA,Chen & Krishnaney,BC Academy CK,
BC Academy,BC/CA,Chung & Kang,BC Academy KC,
BC Academy,BC/CA,Kim & Yao,BC Academy KY,
BC Academy,BC/CA,Zu & Xu,BC Academy XZ,
BC Academy,BC/CA,Webster & Yi,BC Academy YW,
Belvidere North,IL/US,Beutel & Kroepel,Belvidere North BK,
Bergen County Academies,NJ/US,Chae & Min,Bergen County Academies CM,
Bergen County Academies,NJ/US,Liu & Sim,Bergen County Academies LS,
Bergen County Academies,NJ/US,Mittal & Kashyap,Bergen County Academies MK,
Bergen County Academies,NJ/US,Zee & Seo,Bergen County Academies ZS,
Boston Latin,MA/US,Jin & Chen,Boston Latin JC,
Branham,CA/US,Naji & Garg,Branham NG,
Branham,CA/US,Rao & Dantuluri,Branham RD,
Brentwood,TN/US,Mize & Crouch,Brentwood MC,
Brentwood,TN/US,Nayagadurai & Khairollahi,Brentwood NK,
Brentwood,TN/US,Johnson & Sidiqyar,Brentwood SJ,
Broad Run,VA/US,Babu & Jain,Broad Run BJ,
Brooklyn Technical,NY/US,Nash & Jones,Brooklyn Technical NJ,
Brooklyn Technical,NY/US,Zaripova & Shi,Brooklyn Technical ZS,
CR North,PA/US,Mattoo & Kapure,CR North MK,
CR North,PA/US,Smith & Ambati,CR North SA,
Cambridge Rindge and Latin,MA/US,Grodzins & Wen,Cambridge Rindge and Latin GW,
Cambridge Rindge and Latin,MA/US,Mattox & Wei,Cambridge Rindge and Latin MW,
Cambridge Rindge and Latin,MA/US,Robertson & Prasanna,Cambridge Rindge and Latin RP,
Cary Acad,NC/US,Hu & Zhang,Cary Acad HZ,
Cary Acad,NC/US,Jain & Ravulapati,Cary Acad JR,
Cary Acad,NC/US,Liu & Jagannath,Cary Acad LJ,
Cary Acad,NC/US,Levin & Jung,Cary Acad LeJu,
Charlotte Latin,NC/US,Willett & Shan,Charlotte Latin WS,
Cicero Project,CN,Lian & LU,Cicero Project LL,
Cicero Project,CN,Wong & Xue,Cicero Project WX,
Clark,NV/US,Holmes & Saxena,Clark HS,
Collegiate School (NY),NY/US,Kosner & Frank,Collegiate FK,
Collegiate School (VA),VA/US,Anderson & Patel,Collegiate AP,
Collegiate School (VA),VA/US,Petkauskas & Reavey-Cantwell,Collegiate PR,
Concord Carlisle,MA/US,Arthur & Haskell,Concord Carlisle AH,
Coral Academy of Science Las Vegas,NV/US,Bhardwaj & Gavrilovic,Coral Academy of Science Las Vegas BG,
Coral Glades,FL,McCoy & Munir,Coral Glades MM,
Coral Glades,FL,Orenstein & Cadette,Coral Glades OC,
Coronado,NV/US,Yoo & Vega Mendez,Coronado YV,
Debate Go,ON/CA,Xue & Yang,Debate Go XY,
Delbarton,NJ/US,Calder & Ehrenberg,Delbarton CE,
Delbarton,NJ/US,Xu & Patel,Delbarton XP,
DuPont Manual HS    Youth Performing Arts,KY/US,Babu & Jiang,DuPont Manual HS    Youth Performing Arts BJ,
DuPont Manual HS    Youth Performing Arts,KY/US,Kahloon & Fu,DuPont Manual HS    Youth Performing Arts KF,
Dulles,TX/US,Ma & Bian,Dulles MB,
Durham,NC/US,Guan & Rao,Durham GR,
Durham,NC/US,Hodges & Brown,Durham HB,
Durham,NC/US,Huang & Hansen,Durham HH,
Durham,NC/US,Vail & Chen,Durham VC,
Durham,NC/US,Husain & Hackman,Durham HuHa,
East Ridge,MN/US,Wei & Liu,East Ridge WL,
Edina,MN/US,Shapiro & Rawal,Edina SR,
Edina,MN/US,Slobin & Watz,Edina SW,
Evergreen Valley,CA/US,Cheethirala & Kotha,Evergreen Valley CK,
Fairview,CO/US,Berg & Aumentado,Fairview AB,
Folsom,CA/US,Jaswal & Chinya,Folsom JC,
Foothill,CA/US,Lee & PalaniThangavelappan,Foothill LP,
Freehold Township,NJ/US,Rubman & Maiello III,Freehold Township RM,
George Washington,CO/US,Sheehan & Wang,George Washington SW,
Germantown,PA/US,Moorhouse & Hu,Germantown MH,
Hackley,NY/US,Malik & Virk,Hackley MV,
Hamilton,AZ/US,Chen & Xi,Hamilton CX,
Hamilton,AZ/US,Nigam & Shi,Hamilton NS,
Hamilton,AZ/US,Tambe & Neithalath,Hamilton TN,
Harbinger,CN,Ge & Tian,Harbinger GT,
Harbinger,CN,Mao & He,Harbinger MH,
Harbinger,CN,Shi & Jiang,Harbinger SJ,
Harbinger,CN,Zhou & Zhong,Harbinger ZZ,
Hawken,OH/US,Gemechu & Joyce,Hawken GJ,
Hebron,TX/US,Haider & Alinejad,Hebron HA,
"HS for Math, Science and Engineering",NY/US,Chavez & Weerackody,"HS for Math, Science and Engineering CW",
Holton-Arms,MD/US,Humphries-Do & Thompson,Holton-Arms HT,
Holton-Arms,MD/US,Zhu & Zhu,Holton-Arms ZZ,
Horace Mann,NY/US,Kapadia & Gupta,Horace Mann KG,
Hunter,NY/US,Arora & Quan,Hunter AQ,
Hunter,NY/US,Becker & Ravichandra,Hunter BR,
Hunter,NY/US,Bordoff & Viderman,Hunter BV,
Hunter,NY/US,Gottlieb & Bailey,Hunter GB,
Hunter,NY/US,Kini & Patel,Hunter KP,
Hunter,NY/US,Mao & Mangaraj,Hunter MM,
Hunter,NY/US,Mak & Tang,Hunter MT,
Hunter,NY/US,Shen & Zhou,Hunter SZ,
Hunter,NY/US,Weiss & Carrazza,Hunter WC,
JR Masterman,PA/US,Cohen & Anastasi,JR Masterman CA,
JR Masterman,PA/US,Sorrentino & Eggerts,JR Masterman SE,
James Bowie,TX/US,Barden & Baird,James Bowie BB,
Jordan,TX/US,Hemrajani & Gannavarapu,Jordan HG,
L C Anderson,TX/US,Sharma & Martin,L C Anderson SM,
Lake Highland Prep,FL/US,Ahmad & Yong,Lake Highland Prep YA,
Lambert,GA/US,Kallu & Jojjavarapu,Lambert KJ,
Lambert,GA/US,Liew & Guan,Lambert LG,
Landmark,MA/US,Giles & Andrew,Landmark GA,
Langley,VA/US,Frey & Chun,Langley FC,
Langley,VA/US,Gu & Bazaz,Langley GB,
Langley,VA/US,Rakasi & Key,Langley RK,
Langley,VA/US,Shah & Gubbi,Langley SG,
Lexington,MA/US,Kocheta & Chyung,Lexington CK,
Lexington,MA/US,Fan & Joshi,Lexington FJ,
Lexington,MA/US,Sethi & Ma,Lexington SM,
Lincoln-Sudbury,MA/US,Khan & Ham,Lincoln-Sudbury KH,
Lincoln-Sudbury,MA/US,Rao & Peng,Lincoln-Sudbury RP,
Lincoln-Sudbury,MA/US,Young & Sharma,Lincoln-Sudbury YS,
Livingston,NJ/US,Gao & Kumar,Livingston GK,
Livingston,NJ/US,Malde & Nistala,Livingston MN,
Livingston,NJ/US,Zhang & Zhang,Livingston ZZ,
Manchester Essex,MA/US,Berger & Straub,Manchester Essex BS,
McLean,VA/US,Hu & Wu,McLean HW,
McLean,VA/US,Kang & Wilson,McLean WK,
Methacton,PA/US,Wu & Doshi,Methacton WD,
Millburn,NJ/US,Chandrashekar & Joseph,Millburn CJ,
Millburn,NJ/US,Chen & Wang,Millburn CW,
Millburn,NJ/US,Liu & Gupta,Millburn LG,
Millburn,NJ/US,Singh & Dubey,Millburn SD,
Mira Loma,CA/US,Mahendra & Pradeep,Mira Loma MP,
Molloy,NY/US,Querubin & Jewell,Molloy QJ,
Montgomery Blair,MD/US,Li & Tang,Montgomery Blair LT,
Montville,NJ/US,Wang & Zhang,Montville WZ,
Myers Park,NC/US,George & McCranie,Myers Park GM,
Myers Park,NC/US,Reich & Cortazar,Myers Park RC,
NCSSM,NC/US,Nallam & Kotrannavar,NCSSM NK,
Natick,MA/US,Belev & Duckworth,Natick DB,
Newton South,MA/US,Chand & Liu,Newton South CL,
Newton South,MA/US,Kinney & Hu,Newton South KH,
Newton South,MA/US,Menon & Hurwitz,Newton South MH,
Newton South,MA/US,Malihi & Kapoor,Newton South MK,
North Broward Prep,FL/US,Apel & Shen,North Broward Prep AS,
Pembroke Pines Charter,FL/US,Garcia & Srinivasan,Pembroke Pines Charter GS,
Phillipsburg,NJ/US,Abragao & Deol,Phillipsburg AD,
Pine Creek,CO/US,Li & Smith,Pine Creek LS,
Pine Creek,CO/US,Miner & Huang,Pine Creek MH,
Pine View,FL/US,Gibson & Manjesh,Pine View GM,
Pine View,FL/US,Zhou & Fancher,Pine View ZF,
Pittsburgh Central Catholic,PA/US,Murphy & Brienza,Pittsburgh Central Catholic MB,
Plano West,TX/US,Cui & Kapoor,Plano West CK,
Poly Prep Country Day,NY/US,Barbiere & Balikci,Poly Prep Country Day BB,
Poly Prep Country Day,NY/US,Barbiere & Harris,Poly Prep Country Day BH,
Poly Prep Country Day,NY/US,Yao & McGeary,Poly Prep Country Day MY,
Princeton,NJ/US,Christy & Vedula,Princeton CV,
Princeton,NJ/US,Margulis & Banerjee,Princeton MB,
Princeton,NJ/US,Nayden & Hendi,Princeton NH,
Princeton,NJ/US,Tauro & Ren,Princeton TR,
Ransom Everglades,FL/US,Cobas & Escoto,Ransom Everglades CE,
Ransom Everglades,FL/US,Mendelson & Salomon,Ransom Everglades MS,
Ransom Everglades,FL/US,Talluri & Raju,Ransom Everglades TR,
Ravenwood,TN/US,Balaje & McAtee,Ravenwood BM,
Ravenwood,TN/US,Mehta & Misra,Ravenwood MM,
Ravenwood,TN/US,Yenigalla & Kalasikam,Ravenwood YK,
Regis,NY/US,Agnello & Biviano,Regis AB,
Regis,NY/US,Agarwala & Quaglia,Regis AQ,
Regis,NY/US,Bajada & Katoanga,Regis BK,
Regis,NY/US,Carragher & McGibbon,Regis CM,
Regis,NY/US,Kwiatkowski & Scheuermann,Regis KS,
Regis,NY/US,Poulos & Scheuermann,Regis PS,
Revere HS (OH),OH/US,Molter & Stano,Revere MS,
Richard Montgomery,MD/US,Deng & Shue,Richard Montgomery DS,
Richard Montgomery,MD/US,Lin & Wang,Richard Montgomery LW,
Richard Montgomery,MD/US,Chung & Wei,Richard Montgomery WC,
Richard Montgomery,MD/US,Li & Xue,Richard Montgomery XL,
Ridge,NJ/US,Sherman & Sarwal,Ridge SS,
Ridge,NJ/US,Zhu & Mahesh,Ridge ZM,
River Hill,MD/US,Bi & Tang,River Hill BT,
River Hill,MD/US,Gurram & Goturi,River Hill GG,
Riverdale Country,NY/US,Soriano & Leisman,Riverdale Country LS,
Riverdale Country,NY/US,Weise & Osei-Agyemang,Riverdale Country OW,
SWIS Debate,CN,Liu & Zeng,SWIS Debate LZ,
Sandy Spring Friends,MD/US,Tchoubineh & Eleftheriou,Sandy Spring Friends TE,
Saratoga,CA/US,Goswami & Jia,Saratoga GJ,
Saratoga,CA/US,Mao & Luo,Saratoga ML,
Saratoga,CA/US,Tsang & Zhao,Saratoga TZ,
Scarsdale,NY/US,Liu & Liu,Scarsdale LL,
Scarsdale,NY/US,Liu & Zhang,Scarsdale ZL,
Seven Lakes,TX/US,Carvajal Picott & Le,Seven Lakes CL,
Sidwell,DC/US,Campbell & Bao,Sidwell BC,
Sidwell,DC/US,Chen & Sima,Sidwell CS,
Sidwell,DC/US,Jain & Huang,Sidwell JH,
Southlake Carroll,TX/US,Gogia & Wang,Southlake Carroll GW,
Southlake Carroll,TX/US,Koh & Bakshi,Southlake Carroll KB,
Southlake Carroll,TX/US,Sharma & Bindlish,Southlake Carroll SB,
Speech,CN,CHU & Qiao,Speech CQ,
Speech and Debate India,IN,Madhu & Dabriwal,Speech and Debate India DM,
Speech and Debate India,IN,Shah & Goswamy,Speech and Debate India SG,
St Luke's,CT/US,Gerber & Gilrain-Lennon,St Luke's GG,
St Luke's,CT/US,Welch & Memon,St Luke's WM,
St Paul Academy and Summit,MN/US,Choi & Schumacher,St Paul Academy and Summit CS,
St Paul Academy and Summit,MN/US,Hilton & Karmaliani,St Paul Academy and Summit HK,
St Paul Academy and Summit,MN/US,Hsiung & Meagher,St Paul Academy and Summit HM,
Strake Jesuit College Prep,TX/US,Yates & Chimata,Strake Jesuit  CY,
Strath Haven,PA/US,Guron & Lin,Strath Haven GL,
Strath Haven,PA/US,Pita & Wang,Strath Haven PW,
Stuyvesant,NY/US,Mancini & Harrington,Stuyvesant MH,
Stuyvesant,NY/US,Mazzoleni & Yeung,Stuyvesant MY,
Stuyvesant,NY/US,Roy & Makino-Siller,Stuyvesant RM,
Stuyvesant,NY/US,Tung & Panas,Stuyvesant TP,
Summit,NJ/US,Au-Yeung & Bhatia,Summit AB,
Summit,NJ/US,Cheung & Tobon,Summit CT,
Summit,NJ/US,Kamdar & Livnat,Summit LK,
Sunset,OR/US,Lee & Li,Sunset LL,
Sunset,OR/US,Sharma & Yadalam,Sunset SY,
Syosset,NY/US,Floman & Shah,Syosset FS,
Syosset,NY/US,Kakkar & Shah,Syosset KS,
Taipei American,TW,Chen & Wu,Taipei American CW,
Taipei American,TW,Huang & Hung,Taipei American HH,
Taipei American,TW,Huang & Parker,Taipei American HP,
Taipei American,TW,Huang & Wang,Taipei American HW,
Taipei American,TW,Hsu & Yang,Taipei American HY,
Taipei American,TW,Lee & Hsu,Taipei American LH,
Taipei American,TW,Leu & Sung,Taipei American LS,
Taipei American,TW,Yen & Lee,Taipei American YL,
Awty International,TX/US,Zhao & Zhang,Awty International ZZ,
Blake,MN/US,Banatwala & Cao,Blake BC,
Blake,MN/US,Bastodkar & Pflaum,Blake BP,
Blake,MN/US,Chen & Kurdikar,Blake CK,
Blake,MN/US,Khan & Verma,Blake KV,
Blake,MN/US,Liu & Dayhoff,Blake LD,
Blake,MN/US,Olson & Redmond,Blake OR,
Brearley,NY/US,Chowdhury & Schwartz,Brearley CS,
Chapin,NY/US,Wolf & Izmirly,Chapin WI,
Dalton,NY/US,Mehta & Bickici,Dalton MB,
Dalton,NY/US,Saravanan & Chaisanguanthum,Dalton SC,
Hewitt,NY/US,Fox & Zarabi,Hewitt FZ,
Hill,PA/US,Kagithapu & Slavtcheff,Hill KS,
Hill,PA/US,Liu & Ge,Hill LG,
Masters,NY/US,Rolston & Lovitt,Masters RL,
Potomac,VA/US,Leifer & Su,Potomac LS,
Potomac,VA/US,Sachdeva & Mankovsky,Potomac SM,
Potomac,VA/US,Vorndran & Ross,Potomac VR,
Quarry Lane,CA/US,Yan & Yan,Quarry Lane YY,
Spence,NY/US,Chu & Chu,Spence CC,
Trinity,NY/US,Achuthan & Spitzer,Trinity AS,
Trinity,NY/US,Baatz & Sorgen,Trinity BS,
Trinity,NY/US,Fleesler & Yung,Trinity FY,
Theodore Roosevelt,IA/US,Goldsberry & Alg,Theodore Roosevelt GA,
Theodore Roosevelt,IA/US,Timm & Baruri,Theodore Roosevelt TB,
Thomas Jefferson HSST,VA/US,Pallepati & Wang,Thomas Jefferson HSST PW,
Thomas Jefferson HSST,VA/US,Sun & Wang,Thomas Jefferson HSST WS,
Thomas Jefferson HSST,VA/US,Zhou & Li,Thomas Jefferson HSST ZL,
Thomas S. Wootton,MD/US,Tian & Tang,Thomas S. Wootton TT,
Trinity Prep,FL/US,Chong & Daniel,Trinity Prep CD,
Trinity Prep,FL/US,Haddadin & Scheinberg,Trinity Prep HS,
Trinity Prep,FL/US,Loiseau & Raffa,Trinity Prep LR,
Trinity Prep,FL/US,Neira & Paul,Trinity Prep NP,
University,IL/US,Narra & Zhang,University NZ,
VDA - Vancouver,BC,Tu & Gong,Aella Gong,
VDA - Vancouver,BC,Jin & Wu,VDA - Vancouver JW,
VDA - Vancouver,BC,Lin & Li,VDA - Vancouver LL,
VDA - Vancouver,BC,Lee & Wu,VDA - Vancouver LW,
VDA - Vancouver,BC,Liang & Zheng,VDA - Vancouver LZ,
VDA - Vancouver,BC,Marya & Aiyer,VDA - Vancouver MA,
VDA - Vancouver,BC,Wang & Zhang,VDA - Vancouver WZ,
VDA - Vancouver,BC,An & Yan,VDA - Vancouver YA,
VDA - Vancouver,BC,Zhao & Cabiles,VDA - Vancouver ZC,
VDA - Vancouver,BC,Zhang & Motivala,VDA - Vancouver ZM,
Valley Christian,CA/US,Nair & Yu,Valley Christian NY,
Vestavia Hills,AL/US,Li & Liu,Vestavia Hills LL,
Vista Ridge,TX/US,Rao & Pham,Vista Ridge RP,
WHS,MA/US,Gohel & Wu,WHS GW,
WHS,MA/US,Layton & Kubatin,WHS LK,
Walt Whitman,MD/US,Chahal & Easley,Walt Whitman CE,
Walt Whitman,MD/US,Rucaj & Alimchandani,Walt Whitman RA,
Walter Johnson,MD/US,Jhon & Lu,Walter Johnson JL,
Wayzata,MN,Manickam & Talwar,Wayzata TM,
Westborough,MA/US,Ahmed & Qiu,Westborough AQ,
Westborough,MA/US,Nair & Addagudi,Westborough NA,
Westborough,MA/US,Sethi & Bhatnagar,Westborough SB,
Westfield,NJ/US,Donnelly & Ma,Westfield DM,
Westlake,TX/US,Chu & Wadhwa,Westlake CW,
Westlake,TX/US,Kondagunturi & Pillay,Westlake KP,
Westwood,TX/US,Boddeti & Kutianawala,Westwood BK,
Westwood,TX/US,Jannu & Badrayani,Westwood JB,
Winston Churchill,TX/US,Ingram & MacKay,Winston Churchill IM,
Winston Churchill,MD/US,Samantray & Zhang,Winston Churchill SZ,
Winston Churchill,MD/US,Wang & Wong,Winston Churchill WW,
Woodside Priory,CA/US,Wan & Webster,Woodside Priory WW,