Institution,Location,Entry,Code,Record
Academy at Palumbo,PA/US,Semmel & Cutrone,Academy at Palumbo CS,
Academy at Palumbo,PA/US,Felix & Dorney,Academy at Palumbo DF,
Academy at Palumbo,PA/US,Mokhtari & Mebus,Academy at Palumbo MM,
Adlai E. Stevenson,IL/US,Bellamkonda & Deshpande,Adlai E. Stevenson BD,
Adlai E. Stevenson,IL/US,Raitani & Kumar,Adlai E. Stevenson KR,
Adlai E. Stevenson,IL/US,Mehta & Wu,Adlai E. Stevenson MW,
Adlai E. Stevenson,IL/US,Patel & Qian,Adlai E. Stevenson PQ,
BASIS International School Guangzhou,CN,Cao & Ye,BASIS International School Guangzhou CY,
BASIS International School Nanjing,CN,Wang & Wu,BASIS International School Nanjing WW,
BASIS International School Nanjing,CN,Yu & Zhu,BASIS International School Nanjing ZY,
BASIS International School Park Lane Harbour,CN,Yip & Lin,BASIS International School Park Lane Harbour YL,
BASIS International School Shenzhen,CN,Ren & Luo,BASIS International School Shenzhen LR,
BASIS International School Shenzhen,CN,Tian & Lin,BASIS International School Shenzhen LT,
BC Academy,BC/CA,Zu & Ma,BC Academy ZM,
Bergen County Academies,NJ/US,Kwon & Park,Bergen County Academies KP,
Bergen County Academies,NJ/US,Liu & Sim,Bergen County Academies SL,
Bergen County Academies,NJ/US,Yang & Santosh,Bergen County Academies YS,
Bethesda Chevy Chase,MD/US,Park & Basker-Freedman,Bethesda Chevy Chase PB,
Bethesda Chevy Chase,MD/US,Strong Jacobson & Dennis,Bethesda Chevy Chase SD,
Brearley,NY/US,Schwartz & Dische,Brearley DS,
Bridgewater Raritan,NJ/US,Bhole & Suresh,Bridgewater Raritan SB,
Bridgewater Raritan,NJ/US,Gvozdenovic & Shah,Bridgewater Raritan SG,
Bridgewater Raritan,NJ/US,Sinha & Manche,Bridgewater Raritan SM,
Bridgewater Raritan,NJ/US,Patel & Singh,Bridgewater Raritan SP,
Bridgewater Raritan,NJ/US,Sankar & Shenvi,Bridgewater Raritan SS,
Bronx Science,NY/US,Akella & Emery,Bronx Science AE,
Bronx Science,NY/US,Bar & Swarup,Bronx Science BS,
Bronx Science,NY/US,Doshi & Borukh,Bronx Science DB,
Bronx Science,NY/US,Jones & Mahase,Bronx Science JM,
Bronx Science,NY/US,Misra & Ginsberg,Bronx Science MG,
Bronx Science,NY/US,Mamgain & Isidor,Bronx Science MI,
Browning,NY,Bianchi & Moon,Browning BM,
Browning,NY,Rance & Regier,Browning RR,
Browning,NY,Sadowski & Syed,Browning SS,
Central,PA/US,Black & Bekken,Central BB,
Central,PA/US,Dhiamandi & Wu,Central DW,
Central,PA/US,Gillion & Karbar,Central GK,
Chapin,NY/US,Khaliq & Reddy,Chapin KR,
Chapin,NY/US,Millerman & Sinaiko,Chapin MS,
Charter School of Wilmington,DE/US,Choubey & Wolverton,Charter School of Wilmington CW,
Charter School of Wilmington,DE/US,Yadav & Patel,Charter School of Wilmington PY,
CR North,PA/US,Smith & Ambati,CR North AmSm,
CR North,PA/US,Acereda & Patel,CR North AP,
CR North,PA/US,Allampally & Solipuram,CR North AS,
CR North,PA/US,Kapure & Vatsya,CR North KV,
CR North,PA/US,Mattoo & Sarangi,CR North MS,
CR North,PA/US,Peng & Rozinsky,CR North PR,
Delbarton,NJ/US,Aiello & Xu,Delbarton AX,
Delbarton,NJ/US,D'Souza & Valiveti,Delbarton DV,
Delbarton,NJ/US,Ross & Kapp,Delbarton RK,
Germantown Friends,PA/US,Cook & Jones,Germantown Friends CJ,
Germantown Friends,PA/US,Grodin & Goldsleger,Germantown Friends GG,
Germantown Friends,PA/US,Li & Zhong,Germantown Friends LZ,
Germantown,PA/US,Swartz & Hu,Germantown SH,
Holton Arms,MD/US,Agha & Miao,Holton Arms AM,
Holton Arms,MD/US,Rollenhagen & Applebaum,Holton Arms RA,
Holton Arms,MD/US,Zhu & Zhu,Holton Arms ZZ,
Hunter,NY/US,Bailey & Gottlieb,Hunter GB,
Hunter,NY/US,Mao & Mangaraj,Hunter MM,
Hunter,NY/US,Sandu & Schonfeld,Hunter SaSc,
Hunter,NY/US,Tang & Varah,Hunter TV,
Hunter,NY/US,Wan & Turner-Walkowitz,Hunter WT,
JR Masterman,PA/US,Albert & Samara-Reuter,JR Masterman AS,
JR Masterman,PA/US,Sorrentino & Eggerts,JR Masterman SE,
JR Masterman,PA/US,Weisz & Erdman,JR Masterman WE,
JR Masterman,PA/US,Wei & Halimitabrizi,JR Masterman WH,
Langley,VA/US,Killian & Shi,Langley SK,
Lexington,MA/US,Guo & Nandy,Lexington GN,
Lexington,MA/US,Kuchibhotla & Meka,Lexington KM,
Lexington,MA/US,Liu & Ma,Lexington LM,
Lexington,MA/US,Li & Xia,Lexington LX,
Lexington,MA/US,Ramnathan & Belkhodja,Lexington RB,
Livingston,NJ/US,Ganesh & Govindsamy,Livingston GG,
Livingston,NJ/US,Sur & Nistala,Livingston NS,
Livingston,NJ/US,Nistala & Tripathi,Livingston NT,
Maret,DC/US,Das & Gordon,Maret GD,
Maret,DC/US,Hernandez & Lee,Maret LH,
Maret,DC/US,Sabharwal & Vandivier,Maret SV,
McLean,VA/US,Sandhu & Thomas,McLean ST,
McLean,VA/US,Xu & Liu,McLean XL,
McLean,VA/US,Kim & Zou,McLean ZK,
Midwood,NY/US,Li & Khidirova,Midwood LK,
Millburn,NJ/US,Chen & Liang,Millburn ChLi,
Millburn,NJ/US,Chandrashekar & Liu,Millburn CL,
Millburn,NJ/US,Chen & Wang,Millburn CW,
Millburn,NJ/US,Paliwal & Tiwari,Millburn PT,
Millburn,NJ/US,Sinha & Xia,Millburn SX,
Montville,NJ/US,Gontla & Patel,Montville GP,
Montville,NJ/US,Srinivas & Shamsudin,Montville SS,
Montville,NJ/US,Wang & Zhang,Montville ZW,
Mount Si,WA/US,Davis & Sethuraman,Mount Si DS,
Mount Si,WA/US,Gapesina & Kunnath,Mount Si GK,
Mount Si,WA/US,Maslov & Mirzoyan,Mount Si MM,
Mount Si,WA/US,Venna & Scott,Mount Si VS,
Pingry,NJ/US,Liu & Hao,Pingry HL,
Pingry,NJ/US,Park & Wu,Pingry WP,
Princeton,NJ/US,Huang & Yu,Princeton HY,
Princeton,NJ/US,Wu & Sama,Princeton SW,
Regis,NY/US,Augustine & Damato,Regis AD,
Regis,NY/US,Charest & O'Sullivan,Regis CO,
Regis,NY/US,Filocamo & McElfresh,Regis FM,
Regis,NY/US,Grande & Grondin,Regis GG,
Richard Montgomery,MD/US,Chung & Xie,Richard Montgomery CX,
Richard Montgomery,MD/US,Deng & Wang,Richard Montgomery DW,
Richard Montgomery,MD/US,Wei & Yuan,Richard Montgomery WY,
Ridge,NJ/US,Bonda & Potrevu,Ridge BP,
Ridge,NJ/US,Pyloore & Narang,Ridge PN,
Ridge,NJ/US,Vasanthavada & Khanal,Ridge VK,
River Hill,MD/US,Bi & Tang,River Hill BT,
Riverdale Country,NY/US,Khan & Prawer,Riverdale Country KP,
Riverdale Country,NY/US,Soriano & Osei-Agyemang,Riverdale Country SO,
Riverside,VA/US,Sakamuri & Li,Riverside SL,
Spence,NY/US,Das & Sun,Spence DS,
Spence,NY/US,Hsu & Van Zandt,Spence HV,
Strath Haven,PA/US,Dudley & Zhu,Strath Haven DZ,
Strath Haven,PA/US,Foster & Yi,Strath Haven FY,
Strath Haven,PA/US,Guron & Lin,Strath Haven GL,
Strath Haven,PA/US,Lin & Mathew,Strath Haven LM,
Strath Haven,PA/US,Shao & Zhang,Strath Haven SZ,
Strath Haven,PA/US,Zeibekis & Zhang,Strath Haven ZZ,
Townsend Harris,NY/US,Medage & Lianos,Townsend Harris ML,
Townsend Harris,NY/US,Miketa-Garcia & Pavone,Townsend Harris MP,
Union Catholic,NJ/US,Parmenter & Chen,Union Catholic CP,
Union Catholic,NJ/US,Kaur & Richards,Union Catholic KR,
Union Catholic,NJ/US,Patel & Quiroz,Union Catholic QP,
West Windsor Plainsboro South,NJ/US,Batra & Paul,West Windsor Plainsboro South BP,
West Windsor Plainsboro South,NJ/US,Jindal & Dey,West Windsor Plainsboro South JD,
West Windsor Plainsboro South,NJ/US,Maheshwari & Mehta,West Windsor Plainsboro South MM,
West Windsor Plainsboro South,NJ/US,Patel & Gupta,West Windsor Plainsboro South PG,
Westfield Senior,NJ/US,Donnelly & Urbano,Westfield Senior DU,
Wissahickon,PA/US,Han & Gao,Wissahickon GH,
Wissahickon,PA/US,Khanna & Chang,Wissahickon KC,