Institution,Location,Entry,Code,Mode,Status,Record
Academy at Palumbo,PA/US,Cutrone & Semmel,Academy at Palumbo CS,0,,
Bridgewater Raritan,NJ/US,Gvozdenovic & Shah,Bridgewater Raritan GS,0,,
Bridgewater Raritan,NJ/US,Joshi & Kashyap,Bridgewater Raritan JK,0,,
Bridgewater Raritan,NJ/US,Krish & Shah,Bridgewater Raritan KS,0,,
Bridgewater Raritan,NJ/US,Marathe & Sankar,Bridgewater Raritan MaSa,0,,
Bridgewater Raritan,NJ/US,Makode & Sankar,Bridgewater Raritan MS,0,,
Bridgewater Raritan,NJ/US,Patel & Singh,Bridgewater Raritan PS,0,,
Bridgewater Raritan,NJ/US,Suresh & Bhole,Bridgewater Raritan SB,0,,
Bridgewater Raritan,NJ/US,Shah & Shenvi,Bridgewater Raritan SS,0,,
Bronx Science,NY/US,Akella & Emery,Bronx Science AE,0,,
Bronx Science,NY/US,Appelbaum & Moy,Bronx Science AM,0,,
Bronx Science,NY/US,Cohen & Hur,Bronx Science CH,0,,
Bronx Science,NY/US,Misra & Ginsberg,Bronx Science MG,0,,
Bronx Science,NY/US,Mahase & Jones,Bronx Science MJ,0,,
Bronx Science,NY/US,Olenich & Swarup,Bronx Science OS,0,,
Bronx Science,NY/US,Qu & Singh,Bronx Science QS,0,,
Brooklyn Technical,NY/US,Hetnarine & Ricci,Brooklyn Technical HR,0,,
Brooklyn Technical,NY/US,Johnson & Kakumanu,Brooklyn Technical JK,0,,
Brooklyn Technical,NY/US,Jones & Nash,Brooklyn Technical JN,0,,
Brooklyn Technical,NY/US,Linkh & Dobran,Brooklyn Technical LD,0,,
Brooklyn Technical,NY/US,Urban & Sarcos,Brooklyn Technical US,0,,
Byram Hills,NY/US,Cai & Zodda,Byram Hills CZ,0,,
Byram Hills,NY/US,Tardieu & Bobra,Byram Hills TB,0,,
Byram Hills,NY/US,Wolvius & Lee,Byram Hills WL,0,,
Central,PA/US,Black & Bekken,Central BB,0,,
Central,PA/US,Karbar & Gillion,Central KG,0,,
Central,PA/US,Nasir & Rosario,Central NR,0,,
CR North,PA/US,Nimma & Ambati,CR North AN,0,,
CR North,PA/US,Acereda & Patel,CR North AP,0,,
CR North,PA/US,Kulshrestha & Ye,CR North KY,0,,
CR North,PA/US,Peng & Rozinsky,CR North PR,0,,
CR North,PA/US,Yi & Patankar,CR North PY,0,,
Friends School of Baltimore,MD/US,Hair-Ralston & Kurlantzick,Friends School of Baltimore HK,0,,
Garnet Valley,PA/US,Pobbala & Bhattacharyya,Garnet Valley PB,0,,
Georgetown Day,DC/US,Belle Trichur & Ridl,Georgetown Day BR,0,,
James Madison,VA/US,Saraf & Shnekendorf,James Madison SS,0,,
James Madison,VA/US,Warner & Ghala,James Madison WG,0,,
JR Masterman,PA/US,Albert & Samara-Reuter,JR Masterman AS,0,,
JR Masterman,PA/US,Beidler-Shenk & Sheth,JR Masterman BS,0,,
JR Masterman,PA/US,Sorrentino & Eggerts,JR Masterman SE,0,,
JR Masterman,PA/US,Weisz & Erdman,JR Masterman WE,0,,
Lexington,MA/US,Boyanapalli & Hassan,Lexington BH,0,,
Lexington,MA/US,Li & Xia,Lexington LX,0,,
Lexington,MA/US,Revankar & Raythatha,Lexington RR,0,,
Lexington,MA/US,Roy & Shen,Lexington RS,0,,
Lexington,MA/US,Sethi & Ma,Lexington SM,0,,
Lexington,MA/US,Yang & Qian,Lexington YQ,0,,
Maret,DC/US,Gordon & Das,Maret GD,0,,
Maret,DC/US,Hernandez & Lee,Maret HL,0,,
McDowell,PA/US,Deventhira-Raja & Shankar,McDowell DS,0,,
Pittsburgh Central Catholic,PA/US,Gandhi & Athanassiou,Pittsburgh Central Catholic GA,0,,
Princeton,NJ/US,Wu & Sama,Princeton SW,0,,
Ridge,NJ/US,Bonda & Butala,Ridge BB,0,,
Ridge,NJ/US,Sherman & Hira,Ridge HS,0,,
Ridge,NJ/US,Vasanthavada & Khanal,Ridge KV,0,,
Ridge,NJ/US,Narang & Pyloore,Ridge NP,0,,
Ridge,NJ/US,Sateeja & Li,Ridge SL,0,,
Ridge,NJ/US,Sarwal & Sharma,Ridge SS,0,,
State College Area,PA/US,Cessna & Nealon,State College Area CN,0,,
State College Area,PA/US,Dombroskie & Miller-Priddy,State College Area DM,0,,
State College Area,PA/US,Fowler & Itskov-Curto,State College Area FI,0,,
Strath Haven,PA/US,Bhuiya & Zhang,Strath Haven BZ,0,,
Strath Haven,PA/US,Dudley & Zhu,Strath Haven DZ,0,,
Strath Haven,PA/US,Foster & Yi,Strath Haven FY,0,,
Strath Haven,PA/US,Guron & Lin,Strath Haven GL,0,,
Strath Haven,PA/US,Hartung & Nair,Strath Haven HN,0,,
Strath Haven,PA/US,Lin & Logue,Strath Haven LL,0,,
Strath Haven,PA/US,Shao & Zhang,Strath Haven SZ,0,,
Unionville,PA/US,Chen & Fan,Unionville CF,0,,
Unionville,PA/US,Nadeem & Zhang,Unionville NZ,0,,
Unionville,PA/US,Sudheer & Li,Unionville SL,0,,
Upper St Clair,PA/US,Anand & Jani,Upper St Clair AJ,0,,
Upper St Clair,PA/US,Barimani & Bharath,Upper St Clair BB,0,,
Upper St Clair,PA/US,Sathya Vagheeswar & Chandran,Upper St Clair SC,0,,
Upper St Clair,PA/US,Vilensky & Kumar,Upper St Clair VK,0,,
Wissahickon,PA/US,Khanna & Chang,Wissahickon KC,0,,