School,Location,Entry,Code,Record
Acton-Boxborough,MA/US,Dawn & Leo,Acton-Boxborough DL,
Acton-Boxborough,MA/US,Das & Murthy,Acton-Boxborough DM,
Acton-Boxborough,MA/US,Leo & Jiang,Acton-Boxborough LJ,
Acton-Boxborough,MA/US,Su & Stein,Acton-Boxborough SS,
Adlai E Stevenson Independent,IL/US,Pollock & Kirylau,Adlai E Stevenson Independent PK,
Alliance,GA/US,Ranjit & Yoon,Alliance RY,
Alsion Montessori,CA,Sharma & Samsi,Alsion Montessori SS,
Amador Valley,CA/US,Zhou & Jaladi,Amador Valley ZJ,
Amador Valley,CA/US,Zhang & Lin,Amador Valley ZL,
American,CA/US,Raghavan & Kim,American RK,
Archbishop Mitty,CA/US,Bakhru & Mahajan,Archbishop Mitty BM,
Archbishop Mitty,CA/US,Bordia & Macherla,Archbishop Mitty BoMa,
Arizona,AZ/US,Baker & Venkat,Arizona BV,
BASIS Chandler,AZ/US,Choudhri & Choudhury,BASIS Chandler CC,
BASIS San Antonio Shavano,TX/US,Khalikov & Saboo,BASIS San Antonio Shavano KS,
BASIS San Antonio Shavano,TX/US,Pelaez & Rashid,BASIS San Antonio Shavano PR,
Bellarmine College Prep,CA/US,Maheshwari & Rana,Bellarmine  MR,
Belvidere North,IL/US,Beutel & Kroepel,Belvidere North BK,
Bergen County Academies,NJ/US,Mittal & Liu,Bergen County Academies ML,
Bethesda Chevy Chase,MD/US,Bhayana & Rochkind,Bethesda Chevy Chase BR,
Canyon Crest,CA/US,Chen & Rupareliya,Canyon Crest CR,
Canyon Crest,CA/US,Wang & Xiong,Canyon Crest WX,
Chantilly,VA/US,Dandamudi & Nanduri,Chantilly DN,
College Prep,CA/US,Bhatnagar & Pirone,College Prep BP,
College Prep,CA/US,Chung & Wolff-Merovick,College Prep CW,
College Prep,CA/US,Desai & Sakhrani,College Prep DS,
College Prep,CA/US,Elassaad & Ratna,College Prep ER,
College Prep,CA/US,Yu & Zhu,College Prep YZ,
Cupertino,CA/US,Harish & Yu,Cupertino HY,
Cupertino,CA/US,Krishnan & Krishnan,Cupertino KK,
Cupertino,CA/US,Rennie Sreekumar & Ghosh,Cupertino RG,
Cupertino,CA/US,Tuplur & Tabofunda,Cupertino TT,
Davidson Academy Online,NV/US,Chang & Song,Davidson Academy Online CS,
Davidson Academy Online,NV/US,Pechuk & Glassford,Davidson Academy Online PG,
Del Norte,CA/US,Huang & Lee,Del Norte HL,
Del Norte,CA/US,Hu & Zhao,Del Norte HZ,
Del Norte,CA/US,Ni & Zhang,Del Norte NZ,
Desert Vista,AZ/US,Fan & Yu,Desert Vista FY,
Desert Vista,AZ/US,Ghatigar & Wintring,Desert Vista GW,
Desert Vista,AZ/US,Ovelil & Sathyan,Desert Vista OS,
Desert Vista,AZ/US,Spangler & Ramsey,Desert Vista SR,
Dougherty Valley,CA/US,Bhayana & Chawda,Dougherty Valley BC,
Dougherty Valley,CA/US,Chopra & Bahrani,Dougherty Valley CB,
Dougherty Valley,CA/US,Dhamodaran & Gandhi,Dougherty Valley DG,
Dougherty Valley,CA/US,Patel & Nayar,Dougherty Valley PN,
Dougherty Valley,CA/US,Mehta & Shah,Dougherty Valley SM,
DuPont Manual Independent,KY/US,Gollamudi & Reddy,DuPont Manual Independent GR,
DuPont Manual Independent,KY/US,Kahloon & You,DuPont Manual Independent KY,
Dulles,TX/US,Bian & Ma,Dulles BM,
Dulles,TX/US,Ganesh & Li,Dulles GL,
Durham,NC/US,Wallen & Sukhija,Durham WS,
East Ridge,MN/US,Liu & Wei,East Ridge LW,
Edgemont,NY/US,Branco & Ge,Edgemont Junior-Senior BG,
Edgemont,NY/US,Hahn & Chokshi,Edgemont Junior-Senior HC,
Edgemont,NY/US,Ishak & Preldakaj,Edgemont Junior-Senior IP,
Edgemont,NY/US,Jain & Sibal,Edgemont Junior-Senior JS,
Edgemont,NY/US,Merzon & Merzon,Edgemont Junior-Senior MM,
Edina,MN/US,Rawal & Webb,Edina RW,
Fairmont Prep,CA/US,Ahmed & Shingre,Fairmont Prep AS,
Fairmont Prep,CA/US,Anderson & Young,Fairmont Prep AY,
Fairmont Prep,CA/US,Hyun & You,Fairmont Prep HY,
Fairmont Prep,CA/US,Kapoor & Gupta,Fairmont Prep KG,
Fairmont Prep,CA/US,Kapoor & Townsend,Fairmont Prep KT,
Fairmont Prep,CA/US,Manesh & Mehran,Fairmont Prep MM,
Fairmont Prep,CA/US,Savdharia & Shah,Fairmont Prep SS,
Fairmont Prep,CA/US,Tsai & Patel,Fairmont Prep TP,
Fairview,CO/US,Kadekodi & Grindel,Fairview KG,
Flintridge Prep,CA/US,Cheng & Hartman,Flintridge Prep CH,
Flintridge Prep,CA/US,Zhao & Vaughn,Flintridge Prep VZ,
Flintridge Prep,CA/US,Ye & Choi,Flintridge Prep YC,
Flower Mound,TX/US,Morris & Bhattacharya,Flower Mound MB,
Flower Mound,TX/US,Sharma & Kurra,Flower Mound SK,
Foothill,CA/US,Adhikesaven & Das,Foothill AD,
George Washington,CO/US,Feeny & Fox,George Washington FF,
Georgetown Day,DC/US,Bapna & Borek,Georgetown Day BB,
Granite Bay,CA/US,Han & Mishra,Granite Bay HM,
Great Neck North,NY/US,Levine & Ye,Great Neck North LY,
Gunn,CA/US,Aggarwal & Engstrom,Gunn AE,
Gunn,CA/US,Hu & Yao,Gunn HY,
Gunn,CA/US,Laxman & Chang,Gunn LC,
Gunn,CA/US,Minion & Perkash,Gunn MP,
Gunn,CA/US,Ogawa & Shao,Gunn OS,
Gunn,CA/US,Yuan & Fan,Gunn YF,
Gunn,CA/US,Yang & Kang,Gunn YK,
Hamilton,AZ/US,Chen & Xi,Hamilton CX,
Hamilton,AZ/US,Nigam & Tambe,Hamilton NT,
Hathaway Brown,OH/US,Sangani & Gandhi,Hathaway Brown SG,
Hawken,OH/US,Lakhanpal & Benchek,Hawken LB,
Hawken,OH/US,Toliver & O'Keefe,Hawken TO,
Hunter,NY/US,Yu & Fu,Hunter YF,
Hunter,NY/US,Zhou & Shen,Hunter ZS,
Independence,CA/US,Truong & Hion,Independence TH,
Independent Nomads,NY/US,Choi & Tsai,Independent Nomads CT,
Independent Nomads,NY/US,Shah & Cheng,Independent Nomads SC,
Interlake,WA/US,Fuhlman & Zhu,Interlake FZ,
Interlake,WA/US,Guo & Jung,Interlake GJ,
Interlake,WA/US,Li & Liang,Interlake LL,
Ivy Bridge,GA/US,Biswas & Tang,Ivy Bridge BT,
Jasper,TX/US,Kapoor & Lohtia,Jasper KL,
Jordan,TX/US,Hemrajani & Vijapure,Jordan HV,
Lake Nona,FL/US,Venkatraman & Ding,Lake Nona VD,
Leland,CA/US,Lee & Yu,Leland LY,
Leland,CA/US,Rao & Liu,Leland RL,
Leland,CA/US,Sengupta & Xie,Leland SX,
Leland,CA/US,Huang & Xie,Leland XH,
Leland,CA/US,Yu & Luu,Leland YL,
Los Altos,CA/US,Lingo & Wang,Los Altos LW,
Lynbrook,CA/US,Aeron & Mishra,Lynbrook AM,
Lynbrook,CA/US,Bhethanabotla & Kamchetty,Lynbrook BK,
Lynbrook,CA/US,Jain & Bandopadhyay,Lynbrook JB,
Lynbrook,CA/US,Jani & Mahajan,Lynbrook JM,
Lynbrook,CA/US,Patel & Loonawat,Lynbrook PL,
Lynbrook,CA/US,Pan & Rajkumar,Lynbrook PR,
MSE-Ridgewood Independent,NJ/US,Bhandari & Motivala,MSE-Ridgewood Independent BM,
Marist,GA/US,Garcia & Horne,Marist GH,
Methacton,PA/US,Wu & Chung,Methacton WC,
Milpitas,CA/US,Chen & Chen,Milpitas CC,
Milpitas,CA/US,Jang & Katkar,Milpitas JK,
Mira Loma,CA/US,Amir & Sudharsan,Mira Loma AS,
Mira Loma,CA/US,Mahendra & Pradeep,Mira Loma MP,
Miramonte,CA/US,Mujaddidi & Arndt,Miramonte MA,
Miramonte,CA/US,Roach & Andrews,Miramonte RA,
Miramonte,CA/US,Raza & Filonov,Miramonte RF,
Miramonte,CA/US,Yuan & Martono,Miramonte YM,
Mission San Jose,CA/US,Bharadwaj & Diao,Mission San Jose BD,
Mission San Jose,CA/US,Duhoon & Walia,Mission San Jose DW,
Mission San Jose,CA/US,Hublikar & Parekh,Mission San Jose HP,
Mission San Jose,CA/US,Kulkarni & Jani,Mission San Jose KJ,
Mission San Jose,CA/US,Kao & Kodnani,Mission San Jose KK,
Mission San Jose,CA/US,Parasrampuria & Luo,Mission San Jose PL,
Mission San Jose,CA/US,Manami-Ratan & Wudaru,Mission San Jose WM,
Montgomery Blair,MD/US,Guha & Nam,Montgomery Blair GN,
Mountain House,CA/US,Bharathiraja & Kumar,Mountain House BK,
Mountain House,CA/US,Janganure & Prashanth,Mountain House JP,
Myers Park,NC/US,Cortazar & Reich,Myers Park CR,
Myers Park,NC/US,Bohmfalk & Jacobs,Myers Park JB,
Myers Park,NC/US,Jacobs & Fell,Myers Park JF,
NSU,FL/US,Dell & Hernandez,NSU DH,
NSU,FL/US,Eisenband & Monastyrsky,NSU EM,
NSU,FL/US,Glasser & Lara,NSU GL,
NSU,FL/US,Gross & Teifeld,NSU GT,
Norman North,OK/US,Chen & Zhang,Norman North CZ,
Norman North,OK/US,Siddique & Goering,Norman North SG,
Oakton,VA/US,Deshmukh & Kamath,Oakton DK,
Palo Alto,CA/US,Hong & Li,Palo Alto HL,
Palo Alto,CA/US,Konduri & Rao,Palo Alto KR,
Palo Alto,CA/US,Li & Yang,Palo Alto LY,
Papaya Valley,CA/US,Cheethirala & Kotha,Papaya Valley CK,
Pittsburgh Allderdice,PA/US,Chinman & Bhat,Pittsburgh Allderdice CB,
Pittsburgh Allderdice,PA/US,Delnore & Scherer,Pittsburgh Allderdice DS,
Potomac,MD/US,Chen & Lieu,Potomac CL,
Potomac,MD/US,Cochran & Maeda,Potomac CM,
Potomac,MD/US,Chatterjee & Vadlamudi,Potomac CV,
Potomac,MD/US,Fu & Liao,Potomac FL,
Richard Montgomery,MD/US,Chang & Wong,Richard Montgomery CW,
Richard Montgomery,MD/US,Huang & Yang,Richard Montgomery HY,
Richard Montgomery,MD/US,Li & Xue,Richard Montgomery LX,
Riverdale Country,NY/US,Gold & Mehra,Riverdale Country GM,
Riverdale Country,NY/US,Sheikh & DiFelice,Riverdale Country SD,
SRDS,NJ/US,Basu & Basu,SRDS BB,
St Francis,CA/US,Mishra & Potharaju,St Francis MP,
Saratoga,CA/US,Cai & Tsang,Saratoga CT,
Saratoga,CA/US,Jia & Goswami,Saratoga JG,
Saratoga,CA/US,Sanghi & Raje,Saratoga SR,
Scarsdale,NY,Liu & Liu,Scarsdale LL,
Scarsdale,NY,Yang & Lee,Scarsdale YL,
Science Independent,CA/US,Wick & Muney,Science Independent WM,
Silver Creek,CA/US,Bellapu & Ali,Silver Creek BA,
Silver Creek,CA/US,Jaganath & Mehta,Silver Creek JM,
Southlake Carroll,TX/US,Bakshi & Sharma,Southlake Carroll BS,
Southlake Carroll,TX/US,Gogia & Wang,Southlake Carroll GW,
Southlake Carroll,TX/US,Li & Bindlish,Southlake Carroll LB,
Southlake Carroll,TX/US,Reddy & Yarlagedda,Southlake Carroll RY,
Strake Jesuit College Prep,TX/US,Dubey & Yates,Strake Jesuit  DY,
Strake Jesuit College Prep,TX/US,Guo & Holmes,Strake Jesuit  GH,
Strake Jesuit College Prep,TX/US,Merchant & Trivedi,Strake Jesuit  MT,
Strake Jesuit College Prep,TX/US,Zhao & Stratton,Strake Jesuit  ZS,
Taipei American,TW,Chen & Jen,Taipei American CJ,
Taipei American,TW,Chang & Shu,Taipei American CS,
Taipei American,TW,Chen & Wu,Taipei American CW,
Taipei American,TW,Dennis & Fan,Taipei American DF,
Taipei American,TW,Hsu & Huang,Taipei American HH,
Taipei American,TW,Huang & Lee,Taipei American HL,
Taipei American,TW,Hung & Yang,Taipei American HY,
Taipei American,TW,Yen & Lee,Taipei American YL,
Taipei American,TW,Chen & Watanabe,Taipei American ChWa,
Altamont,AL/US,Sudarshan & Goli,Altamont SG,
Awty International,TX/US,Yi & Zhao,Awty International YZ,
Blake,MN/US,Dayhoff & Liu,Blake DL,
Blake,MN/US,Dalton & Verma,Blake DV,
Golden State,CA/US,Leo & Ma,Golden State LM,
Harker,CA/US,Chen & Paranjypye,Harker CP,
Harker,CA/US,Masson & Liu,Harker ML,
Harker,CA/US,Rai & Mukherjee,Harker MR,
Harker,CA/US,Xing & Wininger,Harker XW,
Harker,CA/US,Zhang & Chen,Harker ZC,
Kinkaid,TX/US,Lara & Tang,Kinkaid LT,
Kinkaid,TX/US,Yang & Zhang,Kinkaid YZ,
Nueva,CA/US,Azevedo & Chen,Nueva AC,
Nueva,CA/US,Chiang & Mahdavi,Nueva CM,
Nueva,CA/US,Chu & Wang,Nueva CW,
Nueva,CA/US,Deitcher & McLaughlin,Nueva DM,
Nueva,CA/US,Gupta & Zhang,Nueva GZ,
Nueva,CA/US,Hayward & Alferness,Nueva HA,
Nueva,CA/US,Lai & Chan,Nueva LC,
Nueva,CA/US,Xu & Xu,Nueva XX,
Quarry Lane,CA/US,Bajaj & Du,Quarry Lane BD,
Quarry Lane,CA/US,Kannan & Narasimha,Quarry Lane KN,
Quarry Lane,CA/US,Liu & Yang,Quarry Lane LY,
Quarry Lane,CA/US,Motewar & Sridharan,Quarry Lane MS,
Quarry Lane,CA/US,Yan & Yan,Quarry Lane YY,
Quarry Lane,CA/US,Manyam & Sharma,Quarry Lane MaSh,
Trinity,NY,Cipriano & Martin,Trinity CM,
Trinity,NY,Yung & Fleesler,Trinity YF,
Thomas Jefferson HSST,VA/US,Bharadwaj & Kode,Thomas Jefferson HSST BK,
Thomas Jefferson HSST,VA/US,Gunda & Choi,Thomas Jefferson HSST GC,
Thomas Jefferson HSST,VA/US,Khandelwal & Li,Thomas Jefferson HSST KL,
Thomas Jefferson HSST,VA/US,Pallepati & Bhattachan,Thomas Jefferson HSST PB,
Thomas Jefferson HSST,VA/US,Wang & Fu,Thomas Jefferson HSST WF,
Trinity Prep,FL/US,DeStefano & Nagulapalli,Trinity Prep DN,
VDA - Vancouver,BC/CA,Chen & Wu,VDA - Vancouver CW,
VDA - Vancouver,BC/CA,Han & Ma,VDA - Vancouver HM,
VDA - Vancouver,BC/CA,Hu & Tian,VDA - Vancouver HT,
VDA - Vancouver,BC/CA,Liang & Zhou,VDA - Vancouver LZ,
VDA - Vancouver,BC/CA,Wu & Zhang,VDA - Vancouver WZ,
VDA - Vancouver,BC/CA,Liu & Zhong,VDA - Vancouver LiZh,
VDA - Vancouver,BC/CA,Wu & Zhang,VDA - Vancouver WuZh,
Valley Christian,CA/US,Hu & Liu,Valley Christian HL,
Vestavia Hills,AL/US,Aluri & Varambally,Vestavia Hills AV,
Wadsworth City,OH,Wilkinson & Moore,Wadsworth City WM,
Walt Whitman,MD/US,Ahmed & Barold,Walt Whitman AB,
West Broward,FL/US,Palanpurwala & Perez,West Broward PP,
West Windsor Plainsboro South,NJ/US,Dubey & Telang,West Windsor Plainsboro South DT,
West Windsor Plainsboro South,NJ/US,Ghosh & Zola,West Windsor Plainsboro South GZ,
West Windsor Plainsboro South,NJ/US,Maskara & Jagtap,West Windsor Plainsboro South JM,
West Windsor Plainsboro South,NJ/US,Tyagi & Goyal,West Windsor Plainsboro South TG,
West Windsor Plainsboro South,NJ/US,Thejaswi & Kim,West Windsor Plainsboro South TK,
Westlake (TX),TX/US,Chu & Rajanna,Westlake CR,
Westlake (TX),TX/US,Kondagunturi & Pillay,Westlake KP,
Westlake (TX),TX/US,Rodgers & Wang,Westlake RW,
Westwood,TX/US,Dasari & Venkat,Westwood DV,
Westwood,TX/US,Kutianawala & Boddeti,Westwood KB,
Williamson Prep,TN/US,Shen & Mrkva,Williamson Prep SM,
Winston Churchill,TX/US,Ingram & MacKay,Winston Churchill IM,
Winston Churchill,MD/US,Hill & Tang,Winston Churchill HT,
Winston Churchill,MD/US,Wang & Wong,Winston Churchill WW,
Woodside Priory,CA/US,Wan & Webster,Woodside Priory WW,