School,Location,Entry,Code,Status,Record
Alliance,GA/US,Ranjit & Yoon,Alliance RY,,
Amador Valley,CA/US,Jaladi & Zhou,Amador Valley JZ,,
Amador Valley,CA/US,Ruan & Li,Amador Valley RL,,
Ardrey Kell,NC/US,Komali & Sulur,Ardrey Kell KS,,
Ardrey Kell,NC/US,She & Yuan,Ardrey Kell SY,,
Aurorae Young,WA/US,Chen & Wei,Aurorae Young CW,,
Aurorae Young,WA/US,Lu & Wen,Aurorae Young LW,,
Aurorae Young,WA/US,Wu & Yang,Aurorae Young WY,,
BC Academy,BC/CA,Chung & Kang,BC Academy CK,,
BC Academy,BC/CA,Jung & Shin,BC Academy JS,,
BC Academy,BC/CA,Kim & Park,BC Academy KP,,
Canyon Crest,CA/US,Xiong & Rupareliya,Canyon Crest XR,,
Centennial HS (MD),MD/US,Cao & Cao,Centennial HS (MD) CC,,
Cranbrook,MI/US,Wang & Charabuddhi,Cranbrook WC,,
DebateDrills,CA/US,Raghavan & Chaudhuri,DebateDrills RC,,
Dougherty Valley,CA/US,Chawda & Bahrani,Dougherty Valley CB,,
Fairmont Prep,CA/US,Anderson & Young,Fairmont Prep AY,,
Fairmont Prep,CA/US,Hyun & You,Fairmont Prep HY,,
Fairmont Prep,CA/US,Hobbs & Kim,Fairmont Prep KH,,
Fairmont Prep,CA/US,Kapoor & Tsai,Fairmont Prep KT,,
Fairmont Prep,CA/US,Mehran & Manesh,Fairmont Prep MM,,
Fairmont Prep,CA/US,Patel & Kang,Fairmont Prep PK,,
Fairmont Prep,CA/US,Shah & Savdharia,Fairmont Prep SS,,
Fairmont Prep,CA/US,Townsend & Kapoor,Fairmont Prep TK,,
Fullerton Union,CA/US,Alcaraz & Lee,Fullerton Union AL,,
Fullerton Union,CA/US,Mauldin & Jung,Fullerton Union MJ,,
Grand Rapids City,MI/US,Mano & Osei-Agyeman,Grand Rapids City MO,,
Independent Nomads,NY/US,Choi & Tsai,Independent Nomads CT,,
Middleton,WI/US,Prakash & Pasikanti,Dhruv Prakash,,
Mountain House,CA/US,Prashanth & Medathana,Rohin Prashanth,,
Mountain House,CA/US,Wicaksono & Janganure,Mountain House WJ,,
Nova 42,CA/US,Fassbender & Kim-Jung,Nova 42 FK,,
Pittsburgh Central Catholic,PA/US,Elder & Hudson,Pittsburgh Central Catholic EH,,
Pittsburgh Central Catholic,PA/US,Murphy & Brienza,Pittsburgh Central Catholic MB,,
Potomac,MD/US,Bandukwalla & Kang,Potomac BK,,
Potomac,MD/US,Cesarski & Naresh,Potomac CN,,
Potomac,MD/US,Chatterjee & Vadlamudi,Potomac CV,,
Potomac,MD/US,Duong & Jhon,Potomac DJ,,
Potomac,MD/US,Guo & Yao,Potomac GY,,
Potomac,MD/US,Headrick & Oliva,Potomac HO,,
Potomac,MD/US,Huang & Yang,Potomac HY,,
Potomac,MD/US,Joseph & Doshi,Potomac JD,,
Potomac,MD/US,Lieu & Patel,Potomac LP,,
Potomac,MD/US,Pothu & Thomas,Potomac PT,,
Ravenwood,TN/US,Hoskins & Yenigalla,Ravenwood HY,,
Ravenwood,TN/US,Kalasikam & Patel,Ravenwood KP,,
Ravenwood,TN/US,Mukerji & Kumar,Ravenwood MK,,
Richard Montgomery,MD/US,Li & Xue,Richard Montgomery LX,,
Riverside STEM,CA/US,Keshavan & Keshavan,Riverside STEM KK,,
Southlake Carroll,TX/US,Gogia & Wang,Southlake Carroll GW,,
Southlake Carroll,TX/US,Koh & Yarlagedda,Southlake Carroll KY,,
Southlake Carroll,TX/US,Suri & Punreddy,Southlake Carroll SP,,
Southlake Carroll,TX/US,Subramanian & Reddy,Southlake Carroll SR,,
Golden State,CA/US,Manthana & Samy,Golden State MS,,
Quarry Lane,CA/US,Yan & Yan,Quarry Lane YY,,
Theodore Roosevelt,IA/US,Goldsberry & Alg-Liening,Theodore Roosevelt GA,,
Theodore Roosevelt,IA/US,Timm & Baruri,Theodore Roosevelt TB,,
Whole Lotta Red,NJ/US,Caracalos & Tong,Whole Lotta Red CT,,
Whole Lotta Red,NJ/US,Hagedorn & Pittman,Whole Lotta Red HP,,
Whole Lotta Red,NJ/US,Margulis & Banerjee,Whole Lotta Red MB,,
William G. Enloe,NC/US,Nallam & Rong,William G. Enloe NR,,
William G. Enloe,NC/US,Sun & Kotrannavar,William G. Enloe SK,,
Winston Churchill,MD/US,Samantray & Battulga,Winston Churchill SB,,