Institution,Location,Entry,Code,Status,Record
Alsion Montessori,CA,Sharma & Samsi,Alsion Montessori SS,,
Amador Valley,CA/US,Gao & Gundamaraju,Amador Valley GG,,
Amador Valley,CA/US,Hassanpour & Jaladi,Amador Valley HJ,,
Amador Valley,CA/US,Kim & Jeon,Amador Valley KJ,,
Amador Valley,CA/US,Liao & Wong,Amador Valley LW,,
Amador Valley,CA/US,Zhang & Kim,Amador Valley ZK,,
Archbishop Mitty,CA/US,Bui & Sharma,Archbishop Mitty BS,,
Archbishop Mitty,CA/US,Das & Ashok,Archbishop Mitty DA,,
Archbishop Mitty,CA/US,Lee & Chuang,Archbishop Mitty LC,,
Archbishop Mitty,CA/US,Mahajan & Bakhru,Archbishop Mitty MB,,
Archbishop Mitty,CA/US,shim & Huang,Archbishop Mitty SH,,
Archbishop Mitty,CA/US,Wuensche & Maheshwari,Archbishop Mitty WM,,
Archbishop Mitty,CA/US,Wang & Vohra,Archbishop Mitty WV,,
BASIS Independent Silicon Valley,CA/US,Sheng & Chen,BASIS Independent Silicon Valley SC,,
BC Academy,BC/CA,Chung & Kang,BC Academy CK,,
BC Academy,BC/CA,Jung & Webster,BC Academy JW,,
BC Academy,BC/CA,Ma & Shin,BC Academy MS,,
BC Academy,BC/CA,Zu & Yoon,BC Academy ZY,,
Bellarmine College Prep,CA/US,Banka & Tracey,Bellarmine  BT,,
Bellarmine College Prep,CA/US,Ling & Jiang,Bellarmine  LJ,,
Bellarmine College Prep,CA/US,Tan & Krishna,Bellarmine  TK,,
Bellevue,WA/US,Ikeda & Zheng,Bellevue IZ,,
Branham,CA/US,Dantuluri & Rao,Branham DR,,
Burbank,CA/US,Chamichyan & Sheroyan,Burbank CS,,
Canyon Crest,CA/US,Cociorva & Rupareliya,Canyon Crest CoRu,,
Canyon Crest,CA/US,Chen & Rupareliya,Canyon Crest CR,,
Canyon Crest,CA/US,Fehmi & Wu,Canyon Crest FW,,
Canyon Crest,CA/US,Luo & Shi,Canyon Crest LS,,
Canyon Crest,CA/US,Synn & Song,Canyon Crest SS,,
Canyon Crest,CA/US,Wang & Xiong,Canyon Crest WX,,
Cherry Creek,CO/US,Hollis & Sriram,Cherry Creek HS,,
Cherry Creek,CO/US,Parmar & Park,Cherry Creek PP,,
CK McClatchy,CA/US,McCormack & Louney,CK McClatchy ML,,
CK McClatchy,CA/US,Murray & Wehling,CK McClatchy MW,,
Clovis North,CA/US,Wong & Shah,Clovis North WS,,
College Prep,CA/US,Bahat & Kurland,College Prep BK,,
College Prep,CA/US,Boykin & Pak,College Prep BP,,
College Prep,CA/US,Beamer & Sabnani,College Prep BS,,
College Prep,CA/US,Chung & Wolff-Merovick,College Prep CW,,
College Prep,CA/US,Elassaad & Ratna,College Prep ER,,
College Prep,CA/US,Yu & Zhu,College Prep YZ,,
Davidson Academy Online,NV/US,Song & Wang,Davidson Academy Online SW,,
Del Norte Independent,CA/US,Choubey & Shah,Del Norte Independent CS,,
Del Norte Independent,CA/US,Chu & Zhao,Del Norte Independent CZ,,
Del Norte Independent,CA/US,Shah & Umansky,Del Norte Independent SU,,
Del Norte Independent,CA/US,Wakayama & Dhenuva Konda,Del Norte Independent WD,,
Del Norte Independent,CA/US,Wang & Sirdeshmukh,Del Norte Independent WS,,
Del Norte Independent,CA/US,Zhang & Ni,Del Norte Independent ZN,,
Denver South,CO/US,Jurow & Champine,Denver South CJ,,
Denver South,CO/US,Dervisevic & Kincaid,Denver South DK,,
Denver South,CO/US,Lamm & Shefman,Denver South SL,,
Dougherty Valley,CA/US,Apte & Dewan,Dougherty Valley AD,,
Dougherty Valley,CA/US,Chopra & Bahrani,Dougherty Valley CB,,
Dougherty Valley,CA/US,Shah & Dhamodaran,Dougherty Valley DS,,
Dougherty Valley,CA/US,Gireesha & Yelisetti,Dougherty Valley GY,,
Dougherty Valley,CA/US,Jamal & Mallajosyula,Dougherty Valley JM,,
Dougherty Valley,CA/US,Singhal & Jin,Dougherty Valley JS,,
Dougherty Valley,CA/US,Mehrotra & Wu,Dougherty Valley MW,,
Dougherty Valley,CA/US,Pinnamaneni & Bindlish,Dougherty Valley PB,,
Dougherty Valley,CA/US,Shah & Mei,Dougherty Valley SM,,
Dougherty Valley,CA/US,Ubale & Mehta,Dougherty Valley UM,,
Dougherty Valley,CA/US,Chawda & Vo,Dougherty Valley VC,,
Eagle Independent,CA/US,Raghavan & Kim,Eagle Independent RK,,
Emerald,CA/US,Gairola & Karur-Parekh,Emerald GK,,
Evergreen Valley,CA/US,Corbu & Nagulapalli,Evergreen Valley CN,,
Evergreen Valley,CA/US,Kotha & Cheethirala,Evergreen Valley KC,,
Fairmont Prep,CA/US,Alkhairy & Alkhairy,Fairmont Prep AA,,
Fairmont Prep,CA/US,Anderson & Young,Fairmont Prep AY,,
Fairmont Prep,CA/US,Chang & Harrison,Fairmont Prep CH,,
Fairmont Prep,CA/US,Chang & Manesh,Fairmont Prep CM,,
Fairmont Prep,CA/US,Hyun & You,Fairmont Prep HY,,
Fairmont Prep,CA/US,Jha & Sarhangnejad,Fairmont Prep JS,,
Fairmont Prep,CA/US,Lunde & Coulon,Fairmont Prep LC,,
Fairmont Prep,CA/US,Patel & Patel,Fairmont Prep PP,,
Fairmont Prep,CA/US,Shah & Savdharia,Fairmont Prep SS,,
Fairmont Prep,CA/US,Teng & Ji,Fairmont Prep TJ,,
Fairmont Prep,CA/US,Tsai & Kang,Fairmont Prep TK,,
Fairmont Prep,CA/US,yang & Zhu,Fairmont Prep YZ,,
Fairmont Prep,CA/US,Zhang & Wang,Fairmont Prep ZW,,
Fairview,CO/US,Aumentado & Berg,Fairview AB,,
Fairview,CO/US,Grandsaert & Simpson Teplin,Fairview GS,,
Fairview,CO/US,Hayman & Ismail,Fairview HI,,
Fairview,CO/US,Squirrell & Grindel,Fairview SG,,
Flintridge Prep,CA/US,Cooper & Bae,Flintridge Prep CB,,
Flintridge Prep,CA/US,Cheng & Lavichant,Flintridge Prep CL,,
Flintridge Prep,CA/US,Vaughn & Zhao,Flintridge Prep VZ,,
Flintridge Prep,CA/US,Waldheim & Yoo,Flintridge Prep WY,,
Flower Mound,TX/US,Iyer & Munipalle,Flower Mound IM,,
Flower Mound,TX/US,Kashyap & Kim,Flower Mound KK,,
Folsom,CA/US,Chinya & Jaswal,Folsom CJ,,
Foothill,CA/US,Swaminathan & Lee,Foothill SL,,
Fullerton Union,CA/US,Mauldin & Lee,Fullerton Union ML,,
George Washington,CO/US,Batchelder & Bell,George Washington BB,,
George Washington,CO/US,Engelstad & Farrell,George Washington EF,,
George Washington,CO/US,Feeny & Fox,George Washington FF,,
George Washington,CO/US,Holguin & Bitzer,George Washington HB,,
George Washington,CO/US,Holland & Guber,George Washington HG,,
George Washington,CO/US,Morris & Zarezadeh Mehrizi,George Washington MZ,,
George Washington,CO/US,Vasan & Jani,George Washington VJ,,
George Washington,CO/US,Wang & Sheehan,George Washington WS,,
Golden State,CA/US,Gabada & Mamidi,Golden State GM,,
Golden State,CA/US,liu & Li,Golden State LL,,
Granada Hills Charter,CA/US,Shin & Quiros,Granada Hills Charter SQ,,
Gunn,CA/US,Chang & Laxman,Gunn CL,,
Gunn,CA/US,Engstrom & Aggarwal,Gunn EA,,
Gunn,CA/US,Hu & Yao,Gunn HY,,
Gunn,CA/US,Koneru & Solanki,Gunn KS,,
Gunn,CA/US,Kim & Zhou,Gunn KZ,,
Gunn,CA/US,Liu & Goel,Gunn LG,,
Gunn,CA/US,Minion & Perkash,Gunn MP,,
Gunn,CA/US,Parang & Engstrom,Gunn PE,,
Gunn,CA/US,Shao & Ogawa,Gunn SO,,
Harker,CA/US,Chen & Paranjpye,Harker CP,,
Harker,CA/US,Luo & Le,Harker LL,,
Harker,CA/US,Masson & Liu,Harker ML,,
Harker,CA/US,Rai & Mukherjee,Harker RM,,
Harker,CA/US,Jain & Shen,Harker SJ,,
Harker,CA/US,Sahasi & Sahasi,Harker SS,,
Harker,CA/US,Xing & Avkarogullari,Harker XA,,
Harker,CA/US,Zhang & Chen,Harker ZC,,
Honor,CA/US,Bidani & Joshi,Honor BJ,,
Honor,CA/US,Lee & Revagad,Honor LR,,
Independence,CA/US,Shau & Gandhi,Independence SG,,
Independence,CA/US,Truong & Obero,Independence TO,,
Interlake,WA/US,Ramanathan & Bie,Interlake BR,,
Kent Denver,CO/US,Aguirre & Monroe,Kent Denver AM,,
Kinkaid,TX/US,Tang & Lara,Kinkaid TL,,
Kinkaid,TX/US,Yang & Cai,Kinkaid YC,,
Kinkaid,TX/US,Zhang & Yang,Kinkaid ZY,,
Leland,CA/US,Gupta & Patel,Leland GP,,
Leland,CA/US,Huang & Chen,Leland HC,,
Leland,CA/US,Iyer & Kumar,Leland IK,,
Leland,CA/US,Jamdar & Wang,Leland JW,,
Leland,CA/US,Liu & Rao,Leland LR,,
Leland,CA/US,Li & Tseng,Leland LT,,
Leland,CA/US,Lee & Yu,Leland LY,,
Leland,CA/US,Manral & Bansal,Leland MB,,
Leland,CA/US,Rao & Madhav,Leland RM,,
Leland,CA/US,Shukla & Moghe,Leland SM,,
Leland,CA/US,Xu & Wehzan,Leland XW,,
Leland,CA/US,Yu & Chang,Leland YC,,
Los Altos,CA/US,Ding & Desai,Los Altos DD,,
Los Altos,CA/US,Lingo & Wang,Los Altos LW,,
Loyola,CA/US,Ballantine & Lee,Loyola BL,,
Loyola,CA/US,Ito Wilson & Nam,Loyola IN,,
Loyola,CA/US,McHugh & Fowkes,Loyola MF,,
Lynbrook,CA/US,Aeron & Mishra,Lynbrook AM,,
Lynbrook,CA/US,Bhethanabotla & Kamchetty,Lynbrook BK,,
Lynbrook,CA/US,Huang & Kewalram,Lynbrook HK,,
Lynbrook,CA/US,Jain & Bindal,Lynbrook JaBi,,
Lynbrook,CA/US,Jha & Birajdar,Lynbrook JB,,
Lynbrook,CA/US,Jani & Jain,Lynbrook JJ,,
Lynbrook,CA/US,Lu & Shah,Lynbrook LS,,
Lynbrook,CA/US,Mulay & Zhu,Lynbrook MZ,,
Lynbrook,CA/US,Patel & Choudhary,Lynbrook PC,,
Lynbrook,CA/US,Patel & Loonawat,Lynbrook PL,,
Lynbrook,CA/US,Pan & Rajkumar,Lynbrook PR,,
Lynbrook,CA/US,Saharoy & Bhatia,Lynbrook SB,,
Lynbrook,CA/US,Saharan & Shrivastava,Lynbrook SS,,
Lynbrook,CA/US,Yang & Jaiswal,Lynbrook YJ,,
Maranatha,CA/US,Abaelu & Samuel,Maranatha AS,,
Milpitas,CA/US,Katkar & Prabhakhar,Milpitas KP,,
Mira Loma,CA/US,Ambalam Jagadish & Singhai,Mira Loma AS,,
Mira Loma,CA/US,Sharma & Mahendra,Mira Loma MS,,
Mira Loma,CA/US,Pradeep & Nahas,Mira Loma PN,,
Mira Loma,CA/US,Sudharsan & Chebiyam,Mira Loma SC,,
Mira Loma,CA/US,Talukder & Nigah,Mira Loma TN,,
Miramonte,CA/US,Chen & Raza,Miramonte CR,,
Miramonte,CA/US,Ghiami & Loughran,Miramonte GL,,
Miramonte,CA/US,Loughran & Su,Miramonte LS,,
Miramonte,CA/US,Mujaddidi & Arndt,Miramonte MA,,
Miramonte,CA/US,Riley & Lippi,Miramonte RL,,
Miramonte,CA/US,Starkey & Lee,Miramonte SL,,
Mission San Jose,CA/US,Bharadwaj & Pallamreddy,Mission San Jose BP,,
Mission San Jose,CA/US,Hublikar & Gowda,Mission San Jose HG,,
Mission San Jose,CA/US,Kavali & Jasti,Mission San Jose KJ,,
Mission San Jose,CA/US,Kodnani & Walia,Mission San Jose KW,,
Mission San Jose,CA/US,Manami-Ratan & Pallikonda,Mission San Jose MP,,
Mission San Jose,CA/US,Pasha & Duhoon,Mission San Jose PD,,
Mission San Jose,CA/US,Pala & Shah,Mission San Jose PS,,
Mission San Jose,CA/US,Parks & Walia,Mission San Jose PW,,
ModernBrain,CA/US,Xiong & Kim,ModernBrain KX,,
Monta Vista,CA/US,Tai & Goyal,Monta Vista TG,,
Monta Vista,CA/US,Teo & Shah,Monta Vista TS,,
Monta Vista,CA/US,Vishen & Kumar,Monta Vista VK,,
Monte Vista,CA/US,Mehmood & Shalizi,Monte Vista MS,,
Natrona County,WY/US,Walters & Schrader,Natrona County WS,,
Northwood,CA/US,Akshantala & Ramasubramanian,Northwood AR,,
Northwood,CA/US,Godse & Grover,Northwood GG,,
Northwood,CA/US,Mahesh & Namiri,Northwood MN,,
Northwood,CA/US,Mathew & Xu,Northwood MX,,
Notre Dame San Jose,CA/US,Sundaresan & Anand,Notre Dame San Jose SA,,
Notre Dame San Jose,CA/US,Yu & Appalakutty,Notre Dame San Jose YA,,
Nueva,CA/US,Hayward & Alferness,Nueva AH,,
Nueva,CA/US,Chen & Cheng,Nueva CC,,
Nueva,CA/US,Deitcher & Chan,Nueva DC,,
Nueva,CA/US,Gupta & Soral,Nueva SG,,
Nueva,CA/US,Xu & Xu,Nueva XX,,
Oakwood,CA/US,Hoover & Reich,Oakwood HR,,
Quarry Lane,CA/US,Bajaj & Du,Quarry Lane BD,,
Quarry Lane,CA/US,Sharma & Manyam,Quarry Lane SM,,
Quarry Lane,CA/US,Sudhakar & Qi,Quarry Lane SQ,,
Saratoga,CA/US,Jia & Goswami,Saratoga JG,,
Saratoga,CA/US,Luo & Tsang,Saratoga LT,,
St Francis,CA/US,Mishra & Potharaju,St Francis MP,,
St Francis,CA/US,Tran & Undella,St Francis TU,,
St Ignatius College Prep,CA/US,Dionisio & Garcia-Martinez,St Ignatius  DG,,
Stockdale,CA/US,Aggenbach & Wessels,Stockdale AW,,
Stockdale,CA/US,Perrin & Bye,Stockdale PB,,
Taipei American,TW,Huang & Hsu,Taipei American HH,,
Taipei American,TW,Yen & Lee,Taipei American YL,,
Valley,CA/US,Janganure & Prashanth,Valley JP,,
Vegas Debates,NV/US,Adler & Bhardwaj,Vegas Debates AB,,
Vista Del Lago,CA/US,Kaur & Kaspha,Vista Del Lago KK,,
Vista Del Lago,CA/US,Mehta & Nagpal,Vista Del Lago MN,,
Vista Del Lago,CA/US,Pasumarthi & Balakrishnan,Vista Del Lago PB,,
Vista Del Lago,CA/US,Perez & Lakshminarayanan,Vista Del Lago PL,,
Vista Del Lago,CA/US,Raghavan & Gopalakrishnan,Vista Del Lago RG,,
Vista Del Lago,CA/US,Rajeshkumar & Rana,Vista Del Lago RR,,
Vista Del Lago,CA/US,Ramineni & Tiwari,Vista Del Lago RT,,
Vista Del Lago,CA/US,Seshadri & Penmetcha,Vista Del Lago SP,,
Vista Del Lago,CA/US,Yarlagadda & Kolli,Vista Del Lago YK,,
Westlake,TX/US,Kaul & Kou,Westlake KK,,
Westlake,TX/US,Kondagunturi & Pillay,Westlake KP,,
Westlake,TX/US,McLeod & Wong,Westlake MW,,
Westlake,TX/US,Syed & Shim,Westlake SS,,
Westlake,TX/US,Wadhwa & Kasturi,Westlake WK,,
Westridge,CA/US,Wieland & Chow,Westridge WC,,
Westwood,TX/US,Boddeti & Kutianawala,Westwood BK,,
Westwood,TX/US,Venkat & Dasari,Westwood DV,,
Westwood,TX/US,Jannu & Nair,Westwood NJ,,
Westwood,TX/US,Stenglein & Iley,Westwood SI,,
Winston Churchill,TX/US,Betson & Small,Winston Churchill BS,,
Winston Churchill,TX/US,Ingram & MacKay,Winston Churchill IM,,
"Young Genius, Bay Area",CA/US,Chen & Sanyal,"Young Genius, Bay Area CS",,