Institution,Location,Entry,Code,Record
Alliance,GA/US,Ranjit & Yoon,Alliance RY,
Amador Valley,CA/US,Hassanpour & Jaladi,Amador Valley HJ,
Amador Valley,CA/US,Liao & Wong,Amador Valley LW,
Archbishop Mitty,CA/US,Das & Ashok,Archbishop Mitty AD,
Archbishop Mitty,CA/US,Mahajan & Bakhru,Archbishop Mitty BM,
AWTY St. John's Independent,TX/US,Zhao & Chen,AWTY St. John's Independent ZC,
BASIS Peoria Independent,AZ/US,Nagabandi & Rauniyar,BASIS Peoria Independent NR,
BASIS Peoria Independent,AZ/US,Vattikuti & Guru,BASIS Peoria Independent VG,
BASIS Peoria Independent,AZ/US,Verma & Moon,BASIS Peoria Independent VM,
BASIS Scottsdale,AZ/US,Aggarwal & Sidapara,BASIS Scottsdale SA,
BC Academy,BC/CA,Shin & Ma,BC Academy SM,
BC Academy,BC/CA,Zu & Yoon,BC Academy YZ,
Bellarmine College Prep,CA/US,Bozza & Musukula,Bellarmine  BM,
Bellarmine College Prep,CA/US,Tracey & Banka,Bellarmine  BT,
Bellarmine College Prep,CA/US,Jiang & Ling,Bellarmine  JL,
Bellarmine College Prep,CA/US,Tan & Krishna,Bellarmine  TK,
Belvidere North,IL/US,Kroepel & Beutel,Belvidere North KB,
Bergen,NJ/US,Maheshwari & Anchlia,Bergen AM,
Bergen,NJ/US,Muni & Kaushik,Bergen KM,
Bergen,NJ/US,Zhuang & Reddy,Bergen RZ,
Bergen,NJ/US,Dave & Vignes,Bergen VD,
Blake,MN/US,Banatwala & Cao,Blake BaCa,
Blake,MN/US,Balachander & Chen,Blake BC,
Blake,MN/US,Bastodkar & Pflaum,Blake BP,
Blake,MN/US,Dayhoff & Liu,Blake LD,
Blake,MN/US,Farhan & Stiele,Blake SF,
Blake,MN/US,Pillai & Tarafder,Blake TP,
Brentwood,TN/US,Nayagadurai & Khairollahi,Brentwood NK,
Brophy,AZ/US,Khurana & Cavallo,Brophy KC,
Burbank,CA/US,Chamichyan & Sheroyan,Burbank SC,
Campbell Hall,CA/US,Bart & McCullers,Campbell Hall BM,
Campbell Hall,CA/US,Chung & Yusupova,Campbell Hall CY,
Campbell Hall,CA/US,Dumontet & Kosloff,Campbell Hall DK,
Canyon Crest,CA/US,Asuri & Wang,Canyon Crest AW,
Canyon Crest,CA/US,Chen & Rupareliya,Canyon Crest CR,
Canyon Crest,CA/US,Cociorva & Sun,Canyon Crest CS,
Canyon Crest,CA/US,Song & Rupareliya,Canyon Crest SR,
Canyon Crest,CA/US,Synn & Xiong,Canyon Crest SX,
Charlotte Latin,NC/US,Budzichowski & Rao,Charlotte Latin BR,
Charlotte Latin,NC/US,Willett & Shan,Charlotte Latin WS,
Cheyenne Central,WY/US,Glennie & Widi,Cheyenne Central GW,
Cicero Project,CN,Wong & Xue,Cicero Project WX,
College Prep,CA/US,Alhamadsheh & Sherer,College Prep AS,
College Prep,CA/US,Beamer & Sabnani,College Prep BS,
College Prep,CA/US,Chung & Wolff-Merovick,College Prep CW,
College Prep,CA/US,Boykin & Huang,College Prep HB,
Cranbrook,MI/US,Feng & Qian,Cranbrook FQ,
Cranbrook,MI/US,Yang & Dong,Cranbrook YD,
Cupertino,CA/US,Rennie Sreekumar & Ghosh,Cupertino GR,
Cupertino,CA/US,Kohli & Nawani,Cupertino NK,
Cupertino,CA/US,Gharpure & Suresh,Cupertino SG,
Cupertino,CA/US,Yu & Youn,Cupertino YY,
Davidson Academy Online,NV/US,Klapach & Wang,Davidson Academy Online KW,
Davidson Academy Online,NV/US,Song & Pechuk,Davidson Academy Online SP,
Debate Drills Unaffiliated,CA/US,Nahas & Merchant,Debate Drills Unaffiliated NM,
DebateDrills,CA/US,Kwon & Mittal,DebateDrills KM,
Del Norte,CA/US,Choubey & Shah,Del Norte CS,
Del Norte,CA/US,Ding & Lou,Del Norte DL,
Del Norte,CA/US,Lee & Huang,Del Norte LH,
Del Norte,CA/US,Ni & Zhang,Del Norte NZ,
Del Norte,CA/US,Wakayama & Dhenuva Konda,Del Norte WD,
Del Norte,CA/US,Wang & Sirdeshmukh,Del Norte WS,
Del Norte,CA/US,Zhao & Chu,Del Norte ZC,
Desert Pines,NV/US,Garcia & Carsten,Desert Pines GC,
Desert Vista,AZ/US,Fan & Yu,Desert Vista FY,
Dougherty Valley,CA/US,Apte & Wu,Dougherty Valley AW,
Dougherty Valley,CA/US,Shah & Dhamodaran,Dougherty Valley DS,
Dougherty Valley,CA/US,Gandhi & Desai,Dougherty Valley GD,
Dougherty Valley,CA/US,Jamal & Mallajosyula,Dougherty Valley JM,
Dougherty Valley,CA/US,Singhal & Jin,Dougherty Valley SJ,
Dougherty Valley,CA/US,Shah & Mei,Dougherty Valley SM,
Dulles,TX/US,Ma & Li,Dulles LM,
Durham,NC/US,Husain & Hackman,Durham HH,
East Ridge,MN/US,Mohta & Venkat,East Ridge MV,
Eden Prairie Independent,MN/US,Virdi & Virdi,Eden Prairie Independent VV,
Emerald,CA/US,Karur-Parekh & Gairola,Emerald KG,
Fairmont Prep,CA/US,Harrison & Chang,Fairmont Prep HC,
Fairmont Prep,CA/US,Hyun & You,Fairmont Prep HY,
Fairmont Prep,CA/US,Ji & Lunde,Fairmont Prep LJ,
Fairmont Prep,CA/US,Patel & Patel,Fairmont Prep PP,
Fairmont Prep,CA/US,Patel & Shah,Fairmont Prep PS,
Fairmont Prep,CA/US,Kang & Tsai,Fairmont Prep TK,
Fairmont Prep,CA/US,Zhang & Wang,Fairmont Prep ZW,
Flintridge Prep,CA/US,Bae & Waldheim,Flintridge Prep BW,
Flower Mound,TX/US,Munipalle & Iyer,Flower Mound IM,
Flower Mound,TX/US,Kashyap & Kim,Flower Mound KK,
Folsom,CA/US,Jaswal & Chinya,Folsom JC,
Folsom,CA/US,Malyala & Arasan,Folsom MA,
Foothill,CA/US,Swaminathan & Lee,Foothill SL,
George Washington,CO/US,Feeny & Fox,George Washington FF,
George Washington,CO/US,Holguin & Wang,George Washington WH,
George Washington,CO/US,Morris & Zarezadeh Mehrizi,George Washington ZM,
Great Neck North,NY/US,Ye & Levine,Great Neck North YL,
Gulliver Prep,FL/US,Foodman & Ishoof,Gulliver Prep IF,
Gunn,CA/US,Aggarwal & Engstrom,Gunn EA,
Gunn,CA/US,Goel & Liu,Gunn GL,
Gunn,CA/US,Hu & Yao,Gunn HY,
Gunn,CA/US,Laxman & Chang,Gunn LC,
Gunn,CA/US,Liu & Peng,Gunn LP,
Gunn,CA/US,Minion & Perkash,Gunn PM,
Gunn,CA/US,Koneru & Solanki,Gunn SK,
Gunn,CA/US,Shao & Ogawa,Gunn SO,
Hamilton,AZ/US,Chen & Xi,Hamilton CX,
Hamilton,AZ/US,Samanthapudi & Jiang,Hamilton JS,
Hamilton,AZ/US,Nigam & Shi,Hamilton NS,
Hamilton,AZ/US,Tambe & Neithalath,Hamilton TN,
Hamilton,AZ/US,Chopra & Zhou,Hamilton ZC,
Horace Mann,NY/US,Benson & Gill,Horace Mann BG,
Horace Mann,NY/US,Cheng & Tsai,Horace Mann CT,
Horace Mann,NY/US,Pande & Ho,Horace Mann PH,
Horace Mann,NY/US,Shah & Ji,Horace Mann SJ,
Horace Mann,NY/US,Zaidman & Fong,Horace Mann ZF,
Hunter,NY/US,Kini & Patel,Hunter KP,
Hunter,NY/US,Kronby & Shivam,Hunter KS,
Hunter,NY/US,Theisen & Sandu,Hunter TS,
Hunter,NY/US,Weiss & Carrazza,Hunter WC,
Illinois Independent Entry,IL/US,Iyengar & Balu,Illinois Independent Entry BI,
Independent Chantilly DG,VA/US,Dandamudi & Gaddam,Independent Chantilly DG DG,
Interlake,WA/US,Chopra & Binu,Interlake BC,
Interlake,WA/US,Krishnakumar & Turimalla,Interlake KT,
Interlake,WA/US,Nemani & Josyula,Interlake NJ,
Interlake,WA/US,Ramanathan & Bie,Interlake RB,
Interlake,WA/US,Wu & Nath,Interlake WN,
Interlake,WA/US,Wu & Zhang,Interlake WZ,
Interlake,WA/US,Wei & Zhang,Interlake ZW,
Ivy Bridge,GA/US,Anand & Anand,Ivy Bridge AA,
Ivy Bridge,GA/US,Jojjavarapu & Senthilnathan,Ivy Bridge JS,
Ivy Bridge,GA/US,Kalipatnapu & Selvaganesan,Ivy Bridge KS,
Ivy Bridge,GA/US,Mukker & Jung,Ivy Bridge MJ,
Ivy Bridge,GA/US,Manekar & Park,Ivy Bridge MP,
Ivy Bridge,GA/US,Chen & Nuthalapati,Ivy Bridge NC,
Ivy Bridge,GA/US,Tye & Kim,Ivy Bridge TK,
James Enochs,CA/US,Modan & Prabhakar,James Enochs PM,
Jonesboro,AR/US,Hacker & Stokes,Jonesboro HS,
Kinkaid,TX/US,Lara & Tang,Kinkaid LT,
La Cueva Independent,NM/US,Kim & Tarikere,La Cueva Independent KT,
Lake Highland Prep,FL/US,Martinez & Mckenzie,Lake Highland Prep MM,
Lakeville North,MN/US,Maharjan & Tung,Lakeville North MT,
Lakeville North,MN/US,Siefken & Zheng,Lakeville North SZ,
Lakeville South,MN,McDonald & Berntson,Lakeville South MB,
Lambert,GA/US,Liew & Guan,Lambert LG,
Lambert,GA/US,Liu & Mendonca,Lambert LM,
Lambert,GA/US,Myneni & Budda,Lambert MB,
Lambert,GA/US,Ramineni & Baddela,Lambert RB,
Lambert South Independent,MA/US,Chandok & Yao,Lambert South Independent CY,
Lambert South Independent,MA/US,Hu & Kinney,Lambert South Independent HK,
Lambert South Independent,MA/US,Wei & Zeng,Lambert South Independent WZ,
Lincoln-Sudbury,MA/US,Khan & Ham,Lincoln-Sudbury KH,
Lincoln-Sudbury,MA/US,Young & Sharma,Lincoln-Sudbury YS,
Los Altos,CA/US,Ding & Desai,Los Altos DD,
Lynbrook,CA/US,Mishra & Aeron,Lynbrook AM,
Lynbrook,CA/US,Jain & Jani,Lynbrook JJ,
Lynbrook,CA/US,Patel & Bhethanabotla,Lynbrook PB,
Lynbrook,CA/US,Loonawat & Patel,Lynbrook PL,
Lynbrook,CA/US,Rajkumar & Pan,Lynbrook RP,
Lynbrook,CA/US,Shrivastava & Dinesh,Lynbrook SD,
MB Independent,NY/US,Bickici & Mehta,MB Independent BM,
McNeil,TX/US,Marshall & Rath,McNeil MR,
Methacton,PA/US,Shah & Ly,Methacton SL,
Methacton,PA/US,Wu & Doshi,Methacton WD,
Milpitas,CA/US,Cho & Prabhakhar,Milpitas CP,
Milpitas,CA/US,Chen & Vyas,Milpitas CV,
Miramonte,CA/US,Raza & Chen,Miramonte CR,
Miramonte,CA/US,Loughran & Ghiami,Miramonte LG,
Mission San Jose,CA/US,Wudaru & Duhoon,Mission San Jose DW,
Mission San Jose,CA/US,Hublikar & Gowda,Mission San Jose HG,
Mission San Jose,CA/US,Kodnani & Walia,Mission San Jose KW,
Mission San Jose,CA/US,Pala & Shah,Mission San Jose PS,
Mission San Jose,CA/US,Walia & Parks,Mission San Jose WP,
ModernBrain,CA/US,Hwang & Singh,ModernBrain HS,
Monta Vista,CA/US,Tai & Goyal,Monta Vista TG,
Monta Vista,CA/US,Shah & Teo,Monta Vista TS,
Montgomery Blair,MD/US,Guha & Nam,Montgomery Blair GN,
Montville Independent,NJ/US,Wang & Zhang,Montville Independent WZ,
Mountain House,CA/US,Anasuri & Hareesh,Mountain House AH,
Mountain House,CA/US,Subramanian & alex,Mountain House AS,
Mountain House,CA/US,Dhruv & Vattem,Mountain House DV,
Mountain House,CA/US,Godithi & Illuri,Mountain House IG,
Mountain House,CA/US,Arokiaraj & Kurup,Mountain House KA,
Mountain House,CA/US,Peter & Madaan,Mountain House MP,
Mountain House,CA/US,Mahadesha & Pulivarthi,Mountain House PM,
Mountain House,CA/US,Sabri & Lakhlifi,Mountain House SL,
Norman North,OK/US,Siddique & Goering,Norman North GS,
North Gwinnett,GA/US,Annambhotla & Lee,North Gwinnett AL,
Northern Valley,NJ/US,Choi & Kim,Northern Valley CK,
Northwood,CA/US,Xiong & Kim,Northwood XK,
Notre Dame San Jose,CA/US,Anand & Sundaresan,Notre Dame San Jose AS,
Notre Dame San Jose,CA/US,Lokteff & Kandadi,Notre Dame San Jose LK,
Notre Dame San Jose,CA/US,Makhija & Patel,Notre Dame San Jose MP,
Notre Dame San Jose,CA/US,Yu & Appalakutty,Notre Dame San Jose YA,
Nueva,CA/US,Alferness & Hayward,Nueva AH,
Nueva,CA/US,Chan & Deitcher,Nueva CD,
Nueva,CA/US,Chen & McLaughlin,Nueva CM,
Nueva,CA/US,Emanuel & Graham-Martinez,Nueva EG,
Nueva,CA/US,Gupta & Soral,Nueva GS,
Nueva,CA/US,Kim & Fisher,Nueva KF,
Nueva,CA/US,McLaughlin & Shah,Nueva SM,
Nueva,CA/US,Xu & Xu,Nueva XX,
Oakwood School (North Hollywood),CA/US,Hoover & Reich,Oakwood HR,
Pacific Independent,MN/US,Li & Liang,Pacific Independent LL,
Palm Harbor,FL/US,Mrkva & Liu,Palm Harbor ML,
Papaya Valley,CA/US,Corbu & Nagulapalli,Papaya Valley CN,
Papaya Valley,CA/US,Kotha & Cheethirala,Papaya Valley KC,
Plano West,TX/US,Cui & Patel,Plano West CP,
Potomac,MD/US,Godlaveti & Virmani,Potomac GV,
Potomac,MD/US,Lukose & Lu,Potomac LL,
Potomac,MD/US,Zhang & Zacharia,Potomac ZZ,
Quarry Lane,CA/US,Liu & Bajaj,Quarry Lane BL,
Redmond,WA/US,Mahesh & Taleghani,Redmond MT,
Richard Montgomery,MD/US,Li & Xue,Richard Montgomery LX,
Rock Bridge,MO/US,Bariz & Lindbloom,Rock Bridge BL,
Rock Bridge,MO/US,Kouba & Petruc,Rock Bridge KP,
Rock Bridge,MO/US,Nguyen & Bariz,Rock Bridge NB,
Pacific Independent,MN/US,Li & Xie,Ruohua Li,
Saratoga,CA/US,Jia & Goswami,Saratoga GJ,
Saratoga,CA/US,Mao & Pant,Saratoga MP,
Saratoga,CA/US,Chen & Ravishankar,Saratoga RC,
Saratoga,CA/US,Tsang & Zhao,Saratoga TZ,
Scarsdale,NY/US,Liu & Liu,Scarsdale LL,
St Francis,CA/US,Anne & Kakade,St Francis KA,
Standley Lake,CO,Aslamy & Bajracharya,Standley Lake AB,
Taipei American,TW,Huang & Hsu,Taipei American HH,
Taipei American,TW,Leu & Jen,Taipei American JL,
Taipei American,TW,Hung & Tsai,Taipei American TH,
Taipei American,TW,Chen & Wu,Taipei American WC,
Taipei American,TW,Yen & Lee,Taipei American YL,
Tokyo Independent,JP,Watanabe & Chang,Tokyo Independent WC,
Trinity,NY/US,Achuthan & Chiang,Trinity AC,
University,OH/US,Krishnaney & Yu,University KY,
Valley,CA/US,Janganure & Prashanth,Valley PJ,
VDA - Vancouver,BC/CA,Lin & Li,VDA - Vancouver LL,
VDA - Vancouver,BC/CA,Liang & Zheng,VDA - Vancouver LZ,
VDA - Vancouver,BC/CA,Motivala & Bhandari,VDA - Vancouver MB,
VDA - Vancouver,BC/CA,Zhang & Li,VDA - Vancouver ZL,
Village,TX/US,Jinnah & Rovere,Village RJ,
Village,TX/US,Stevenson & Salemi,Village SS,
Vista Del Lago,CA/US,Balakrishnan & Pasumarthi,Vista Del Lago BP,
Vista Del Lago,CA/US,Gopalakrishnan & Raghavan,Vista Del Lago GR,
Vista Del Lago,CA/US,Perez & Lakshminarayanan,Vista Del Lago PL,
Vista Del Lago,CA/US,Rana & Rajeshkumar,Vista Del Lago RR,
Vista Del Lago,CA/US,Yarlagadda & Kolli,Vista Del Lago YK,
Wadsworth City,OH,Gaugler & Preusser,Wadsworth City GP,
Walt Whitman,MD/US,Ali & He,Walt Whitman AH,
Walt Whitman,MD/US,Bhattacharjee & Bell,Walt Whitman BB,
Walt Whitman,MD/US,Qerimi & Cirivello,Walt Whitman QC,
West Windsor Plainsboro South,NJ/US,Akel & Lee,West Windsor Plainsboro South AL,
West Windsor Plainsboro South,NJ/US,Paul & Batra,West Windsor Plainsboro South BP,
West Windsor Plainsboro South,NJ/US,Chandnani & Ranjan,West Windsor Plainsboro South CR,
West Windsor Plainsboro South,NJ/US,Jamadar & Gupta,West Windsor Plainsboro South JG,
West Windsor Plainsboro South,NJ/US,Kim & Thejaswi,West Windsor Plainsboro South KT,
West Windsor Plainsboro South,NJ/US,Lipnevich & Mehta,West Windsor Plainsboro South LM,
West Windsor Plainsboro South,NJ/US,Maskara & Jagtap,West Windsor Plainsboro South MJ,
West Windsor Plainsboro South,NJ/US,Telang & Rajesh,West Windsor Plainsboro South TR,
Westfield,NJ/US,Donnelly & Ma,Westfield DM,
Westlake HS (TX),TX/US,Chu & Rajanna,Westlake HS (TX) CR,
Westlake HS (TX),TX/US,Wadhwa & Kasturi,Westlake HS (TX) WK,
Westlake HS (TX),TX/US,Kou & Kaul,Westlake KK,
Westwood,TX/US,Boddeti & Kutianawala,Westwood BK,
Westwood,TX/US,Nagulapally & Nair,Westwood NN,
Westwood,TX/US,Reddy & Bontu,Westwood RB,
Westwood,TX/US,Stenglein & Iley,Westwood SI,
Westwood,TX/US,Shah & Patil,Westwood SP,
Wheeler,GA/US,Doshi & Rajagopalan,Wheeler DR,
Windward,CA/US,Fischler & Gray,Windward GF,
Winston Churchill,MD/US,Mao & Wang,Winston Churchill MW,