School,Location,Entry,Code,Record
Academy at Palumbo,PA,Cutrone & Semmel,Academy at Palumbo SC,
Berkeley Carroll,NY/US,Katzman & Balodis,Berkeley Carroll BK,
Berkeley Carroll,NY/US,Bailyn & Hilario-Peralta,Berkeley Carroll HB,
Bethesda Chevy Chase,MD/US,Freedman & Park,Bethesda Chevy Chase FP,
Bethesda Chevy Chase,MD/US,Dennis & Gehl,Bethesda Chevy Chase GD,
Bethesda Chevy Chase,MD/US,Stevens & Jones,Bethesda Chevy Chase JS,
Bethesda Chevy Chase,MD/US,Strong Jacobson & Ayele,Bethesda Chevy Chase SA,
Bethesda Chevy Chase,MD/US,Shelton & Dunn-Licetti,Bethesda Chevy Chase SD,
Byram Hills,NY/US,Guido & Bachmann,Byram Hills BG,
Byram Hills,NY/US,Coady & Chen,Byram Hills CC,
Byram Hills,NY/US,Cai & Zodda,Byram Hills CZ,
Byram Hills,NY/US,Lee & Nozad,Byram Hills LN,
CR North,PA/US,Acereda & Patel,CR North AP,
CR North,PA/US,Abrol & Tipi,CR North AT,
CR North,PA/US,Kothawala & Peng,CR North KP,
CR North,PA/US,Kapure & Vatsya,CR North KV,
CR North,PA/US,Sarangi & Mattoo,CR North SM,
CR North,PA/US,Tao & Zhang,CR North TZ,
CR North,PA/US,Allampally & Solipuram,CR North AlSo,
Germantown,PA/US,Moorhouse & Hu,Germantown MH,
Gettysburg Area,PA/US,Funk & Oshunrinade,Gettysburg Area FO,
Gettysburg Area,PA/US,Matthews & Jurney,Gettysburg Area JM,
Gettysburg Area,PA/US,Roy & Hughes,Gettysburg Area RH,
Hunter,NY/US,Varah & Gottlieb,Hunter GV,
Hunter,NY/US,Jetley & Khuu,Hunter JK,
Hunter,NY/US,Kini & Patel,Hunter KP,
Hunter,NY/US,Mao & Mangaraj,Hunter MM,
Hunter,NY/US,Sandu & Theisen,Hunter ST,
Hunter,NY/US,Viderman & Bordoff,Hunter VB,
Hunter,NY/US,Weiss & Tang,Hunter WT,
JR Masterman,PA/US,Anastasi & Cohen,JR Masterman CA,
JR Masterman,PA/US,Weisz & Erdman,JR Masterman WE,
Langley,VA/US,Gu & Bazaz,Langley GB,
Langley,VA/US,Jiang & Le,Langley LJ,
Langley,VA/US,Rakasi & Chun,Langley RC,
Lincoln-Sudbury,MA/US,Khan & Ham,Lincoln-Sudbury KH,
Lower Merion,PA/US,Long & Andrade,Lower Merion LA,
Lower Merion,PA/US,Steingard & Shepard,Lower Merion SS,
McLean,VA/US,Wilson & Kang,McLean WK,
Millburn,NJ/US,Gupta & Wahi,Millburn GW,
Millburn,NJ/US,Liu & Wang,Millburn LW,
Millburn,NJ/US,Singh & Dubey,Millburn SD,
Millburn,NJ/US,Wang & Chen,Millburn WC,
Oxon Hill,MD/US,Dotson & Dotson,Oxon Hill DD,
Pennsbury,PA/US,Ijaz & Beno,Pennsbury IB,
Pennsbury,PA/US,Laderman & Kothari,Pennsbury KL,
Pennsbury,PA/US,Warywoda & Patel,Pennsbury WP,
Poly Prep Country Day,NY/US,Baird & Budhram,Poly Prep Country Day BB,
Poly Prep Country Day,NY/US,Barbiere & Nguyen,Poly Prep Country Day BN,
Poly Prep Country Day,NY/US,Barbiere & Yao,Poly Prep Country Day BY,
Regis,NY/US,Augustine & Damato,Regis AD,
Regis,NY/US,Agarwala & Quaglia,Regis AQ,
Regis,NY/US,Bajada & Katoanga,Regis BK,
Regis,NY/US,Bober & Taverni,Regis BT,
Regis,NY/US,Cameron & Kwek-Rupp,Regis CK,
Regis,NY/US,Calderon & Ty,Regis CT,
Regis,NY/US,Filocamo & McElfresh,Regis FM,
Regis,NY/US,Grande & Grondin,Regis GG,
Regis,NY/US,Hines & Biviano,Regis HB,
Regis,NY/US,Kwiatkowski & Scheuermann,Regis KS,
Regis,NY/US,Poulos & Scheuermann,Regis PS,
Richard Montgomery,MD/US,Wang & Lin,Richard Montgomery LW,
River Hill,MD/US,Bi & Tang,River Hill BT,
St Mark's,MA/US,Bao & Hung,St Mark's BH,
Strath Haven,PA/US,Dudley & Yi,Strath Haven DY,
Strath Haven,PA/US,Mathew & Ghatpande,Strath Haven GM,
Strath Haven,PA/US,Lin & Pita,Strath Haven LP,
Bronx Science,NY/US,Auth & Campbell,Bronx Science AC,
Bronx Science,NY/US,Bar & Chawla,Bronx Science BC,
Bronx Science,NY/US,Fish & Karlinsky,Bronx Science FK,
Bronx Science,NY/US,Weiss & Zaino,Bronx Science WZ,
Chapin,NY/US,Gooding & Izmirly,Chapin GI,
Chapin,NY/US,Millerman & Sinaiko,Chapin MS,
Dalton,NY/US,Foa & Fogelman,Dalton FF,
Dalton,NY/US,Saravanan & Chaisanguanthum,Dalton SC,
Dalton,NY/US,Worthington & Zuzunaga,Dalton WZ,
Haverford,PA/US,Crutchlow & DiMarino,Haverford CD,
Haverford,PA/US,Gill & Camp,Haverford CG,
Haverford,PA/US,Luong & Charriez,Haverford LC,
Potomac,VA/US,Ruggeri & Endale,Potomac ER,
Potomac,VA/US,Doster & Hodge,Potomac HD,
Potomac,VA/US,Godbee & Haque,Potomac HG,
Potomac,VA/US,Su & Leifer,Potomac LS,
Potomac,VA/US,Oliver & Phelps,Potomac OP,
Potomac,VA/US,Mankovsky & Sachdeva,Potomac SM,
Potomac,VA/US,Shanmugam & Shanmugan,Potomac SS,
Potomac,VA/US,Leonardo & Sanah,Potomac LeSa,
Potomac,VA/US,Staver & Saba,Potomac StSa,
Thomas S. Wootton,MD/US,Tian & Tang,Thomas S. Wootton TT,
Unionville,PA/US,Nadeem & Zhang,Unionville NZ,