Institution,Location,Entry,Code,Status,Record
American Heritage Palm Beach,FL/US,Arpaia & Moore,American Heritage Palm Beach AM,,
American Heritage Palm Beach,FL/US,Cohen & Howe,American Heritage Palm Beach CH,,
American Heritage Palm Beach,FL/US,Dahabra & Rohit,American Heritage Palm Beach DR,,
Ardrey Kell,NC/US,Walker & Patil,Ardrey Kell PW,,
Ardrey Kell,NC/US,Ahsan & She,Ardrey Kell SA,,
Ardrey Kell,NC/US,Vallabhajosyula & Sun,Ardrey Kell SV,,
Arizona College Prep,AZ/US,Hossain & Vallamshetla,Arizona  HV,,
Bronx Science,NY/US,Auth & Campbell,Bronx Science AC,,
Bronx Science,NY/US,Buchalter & Makino Siller,Bronx Science BM,,
Bronx Science,NY/US,Boughal & Vichaidith,Bronx Science BV,,
Bronx Science,NY/US,Chawla & Bar,Bronx Science CB,,
Bronx Science,NY/US,Comisarow & Croft,Bronx Science CC,,
Bronx Science,NY/US,Birman & Koo,Bronx Science KB,,
Bronx Science,NY/US,Tsao & Tan,Bronx Science TT,,
Cary Acad,NC/US,Bezuayehu & Daniel,Cary Acad BD,,
Cary Acad,NC/US,Ravulapati & Jung,Cary Acad JR,,
Cary Acad,NC/US,Subramanian & Ravulapati,Cary Acad RS,,
Cedar Ridge,NC/US,Welty & Allen,Cedar Ridge WA,,
Charlotte Latin,NC/US,Willett & Berman,Charlotte Latin BW,,
Charlotte Latin,NC/US,Chandra & Rao,Charlotte Latin CR,,
Charlotte Latin,NC/US,Gaddam & Wu,Charlotte Latin GW,,
Charlotte Latin,NC/US,Hathiram & Narang,Charlotte Latin HN,,
Christopher Columbus,FL/US,Alonso & Chazarreta,Christopher Columbus AC,,
Christopher Columbus,FL/US,Caram & Ross,Christopher Columbus CR,,
Christopher Columbus,FL/US,Gonzalez & Gell,Christopher Columbus GG,,
Collegiate,VA/US,Apelt & Soin,Collegiate AS,,
Collegiate,VA/US,Rohatgi & Peña,Collegiate PR,,
Collegiate,VA/US,Petkauskas & Reavey-Cantwell,Collegiate RP,,
Cuthbertson,NC/US,Kaithi & Bhimanapalli,Cuthbertson BK,,
Delbarton,NJ/US,Xu & Aiello,Delbarton AX,,
Delbarton,NJ/US,Ehrenberg & Patel,Delbarton EP,,
Delbarton,NJ/US,Ross & Wyso,Delbarton RW,,
Hawken,OH/US,Honda & Kislyansky,Hawken KH,,
Hawken,OH/US,Joyce & Miyares,Hawken MJ,,
JR Masterman,PA/US,Sorrentino & Eggerts,JR Masterman SE,,
JR Masterman,PA/US,Weisz & Erdman,JR Masterman WE,,
Lake Highland Prep,FL/US,Arain & Ghanem,Lake Highland Prep AG,,
Lake Highland Prep,FL/US,Ahmad & Sambandam,Lake Highland Prep AS,,
Lake Highland Prep,FL/US,Ranawat & Coleman,Lake Highland Prep RC,,
Lake Highland Prep,FL/US,Sant & Tracy,Lake Highland Prep ST,,
Langley,VA/US,Anand & Osurman,Langley AO,,
Langley,VA/US,Gubbi & Chun,Langley CG,,
Langley,VA/US,Cho & Nguyen,Langley CN,,
Langley,VA/US,Ghimire & Abhinav,Langley EG,,
Langley,VA/US,Gu & Bazaz,Langley GB,,
Langley,VA/US,Vinod & Gubbi,Langley GV,,
Langley,VA/US,Le & Jiang,Langley JL,,
Langley,VA/US,Logan & Nedungottil,Langley LN,,
Marvin Ridge,NC/US,Mehta & Hapani,Marvin Ridge MH,,
Marvin Ridge,NC/US,Ramesh & Muslimani,Marvin Ridge MR,,
Montgomery Blair,MD/US,Li & Tang,Montgomery Blair LT,,
Myers Park,NC/US,George & McNairy,Myers Park MG,,
Myers Park,NC/US,Holland & Voltolina,Myers Park VH,,
Nueva,CA/US,Alferness & Hayward,Nueva AH,,
Nueva,CA/US,Iyer & Rong,Nueva IR,,
Pinecrest,NC/US,Cuthrell & Pae,Pinecrest PC,,
Pinecrest,NC/US,Aldridge & Woodard,Pinecrest WA,,
Potomac,VA/US,Gaibi & Godbee,Potomac GG,,
Potomac,VA/US,Grimes-Thomas & Su,Potomac GS,,
Potomac,VA/US,Hester & Phelps,Potomac HP,,
Potomac,VA/US,Kumar & Shah,Potomac KS,,
Potomac,VA/US,Mankovsky & Leifer,Potomac ML,,
Potomac,VA/US,Shanmugam & Shanmugam,Potomac SS,,
Potomac,VA/US,Wolff & Haque,Potomac WH,,
Ransom Everglades,FL/US,Pena & Alesandro,Ransom Everglades AP,,
Ransom Everglades,FL/US,Salomon & Mendelson,Ransom Everglades SM,,
Richard Montgomery,MD/US,Lin & Wang,Richard Montgomery LW,,
Richard Montgomery,MD/US,Xie & Chung,Richard Montgomery XC,,
Seven Lakes,TX/US,Carvajal Picott & Mendoza Casas,Seven Lakes CM,,
Seven Lakes,TX/US,Varre & Chen,Seven Lakes CV,,
Seven Lakes,TX/US,Eswar & Meghani,Seven Lakes EM,,
Seven Lakes,TX/US,Fan & Wu,Seven Lakes FW,,
Seven Lakes,TX/US,Suleman & Jain,Seven Lakes SJ,,
Seven Lakes,TX/US,Thatola & Kaushik,Seven Lakes TK,,
Taipei American,TW,Zhong & Chan,Taipei American CZ,,
Taipei American,TW,Gee & Yen,Taipei American GY,,
Taipei American,TW,Hirokawa & Lee,Taipei American HL,,
Taipei American,TW,Jen & Lee,Taipei American LJ,,
Trinity Prep,FL/US,DeStefano & Haddadin,Trinity Prep DH,,
Trinity Prep,FL/US,Daniel & Paul,Trinity Prep DP,,
Trinity Prep,FL/US,Kondapalli & Haddadin,Trinity Prep KH,,
William G. Enloe,NC/US,XU & Karthikeyan,William G. Enloe XK,,