School,Location,Entry,Code,Record
Adlai E Stevenson,IL/US,Malisetyy & Patel,Adlai E Stevenson MP,
Adlai E Stevenson,IL/US,Pollock & Kirylau,Adlai E Stevenson PK,
Adlai E Stevenson,IL/US,Ramesh & Li,Adlai E Stevenson RL,
Alsion Montessori,CA,Sharma & Samsi,Alsion Montessori SS,
American Heritage Broward,FL/US,Roytman & Cheng,American Heritage Broward RC,
American Heritage Broward,FL/US,Zipperian & Burkeen,American Heritage Broward ZB,
American Heritage Palm Beach,FL/US,Howe & Cohen,American Heritage Palm Beach HC,
American Heritage Palm Beach,FL/US,Lupyan & Eagan,American Heritage Palm Beach LE,
Ardrey Kell,NC,Komali & Sulur,Ardrey Kell KS,
Ardrey Kell,NC,Nattamai & Patel,Ardrey Kell NP,
Auburn,AL/US,Floyd & Gordon,Auburn FG,
Auburn,AL/US,Thurow & Kolwaite,Auburn TK,
BASIS Chandler,AZ/US,Choudhury & Choudhri,BASIS Chandler CC,
Bellaire,TX/US,Chen & Tang,Bellaire CT,
Bellaire,TX/US,Liu & Wang,Bellaire LW,
BergenTech,NJ/US,Nozic & Grinberg,BergenTech NG,
Berkeley Carroll,NY/US,Balodis & Katzman,Berkeley Carroll BK,
Braddock,FL/US,Diaz & Gonzalez,Braddock DG,
Brentwood,TN/US,Crouch & Sidiqyar,Brentwood CS,
Brentwood,TN/US,Gripenstraw & Sanku,Brentwood GS,
Brentwood,TN/US,Khairollahi & Nayagadurai,Brentwood KN,
Brookfield East,WI/US,Orejuela & Jhaveri,Brookfield East OJ,
Brookfield East,WI/US,Sundar & Parida,Brookfield East SP,
Buchholz,FL/US,Lou & Bernstein,Buchholz LB,
Cary Acad,NC/US,Hu & Han,Cary HH,
Chantilly,VA/US,Dandamudi & Nanduri,Chantilly DN,
Christopher Columbus,FL/US,Sacher & Alonso,Christopher Columbus SA,
College Prep,CA/US,Bhatnagar & Peng,College Prep BP,
College Prep,CA/US,Huang & Pirone,College Prep HP,
Collierville,TN,Chondran & Santhosh,Collierville CS,
Concord Carlisle,MA/US,Moffitt & Richardson,Concord Carlisle MR,
Delbarton,NJ/US,Bhandari & Patel,Delbarton BP,
Delbarton,NJ/US,Calder & Ehrenberg,Delbarton CE,
Dreyfoos Arts,FL,Ali & Lee,Dreyfoos Arts AL,
Durham,NC/US,Hansen & Huang,Durham HH,
Durham,NC/US,Prakash & Hodges,Durham PH,
Durham,NC/US,Vail & Chen,Durham VC,
Durham,NC/US,Wallen & Sukhija,Durham WS,
Edina,MN/US,Erol & Budideti,Edina EB,
Edina,MN/US,Jiang & Shapiro,Edina JS,
Fairmont Prep,CA/US,Kapoor & Gupta,Fairmont Prep KG,
Fairmont Prep,CA/US,Mehran & Manesh,Fairmont Prep MM,
Fairmont Prep,CA/US,Shah & Savdharia,Fairmont Prep SS,
Germantown Friends,PA/US,Li & Zhong,Germantown Friends LZ,
Hawken,OH/US,Lakhanpal & Benchek,Hawken LB,
Hawken,OH/US,Shang & Gallagher,Hawken SG,
Hawken,OH/US,Toliver & O'Keefe,Hawken TO,
Independent Hamilton,AZ/US,Tambe & Nigam,Independent Hamilton TN,
Interlake,WA/US,Li & Liang,Interlake LL,
Jackson-Reed,DC/US,Biswal & Cuaresma,Jackson-Reed BC,
Jasper,TX/US,Kapoor & Lohtia,Jasper KL,
L C Anderson,TX/US,Arora & Yalamanchili,L C Anderson AY,
L C Anderson,TX/US,Ben-Avi & Coleman,L C Anderson BC,
L C Anderson,TX/US,Martin & Sharma,L C Anderson MS,
Lambert,GA/US,Missell & Sood,Lambert MS,
Lambert,GA/US,Saokar & Yoo,Lambert SY,
Lexington,MA/US,Dalmia & Gandhi,Lexington GD,
Marist,GA/US,Escayg & Kang,Marist EK,
Miami Beach Senior High-,FL/US,Cohen & Lester,Miami Beach Senior High- CL,
Miami Beach Senior High-,FL/US,Toole & Fuller,Miami Beach Senior High- TF,
Midtown,GA/US,Bhatia & Gupta,Midtown BG,
Midtown,GA/US,Suazo & Hyken,Midtown SH,
Millburn,NJ/US,Chen & Wang,Millburn CW,
Morristown West,TN/US,Baxley & Valdez,Morristown West BV,
Mountain Brook,AL/US,Finch & Bazemore,Mountain Brook FB,
Mountain Brook,AL/US,Hahn & Li,Mountain Brook HL,
Myers Park,NC/US,Bohmfalk & Jacobs,Myers Park BJ,
Myers Park,NC/US,Jacobs & Baskerville,Myers Park JB,
Myers Park,NC/US,McCranie & George,Myers Park MG,
NSU,FL/US,Arias & Riofrio,NSU AR,
Newsome,FL/US,Guarnieri & Pergola,Newsome GP,
Newsome,FL/US,O'Toole & Bole,Newsome OB,
Norman North,OK/US,Siddique & Goering,Norman North SG,
North Broward Prep,FL/US,Apel & Shen,North Broward Prep AS,
Oak Grove,MS/US,Kotikalapudi & Zhou,Oak Grove KZ,
Phoenix Country Day,AZ/US,Gebresillasie & Cohen,Phoenix Country Day GC,
Pine View,FL/US,Gibson & Manjesh,Pine View GM,
Pine View,FL/US,Khan & Patel,Pine View KP,
Plano West,TX/US,Mahendra & Zeng,Plano West MZ,
Poly Prep Country Day,NY/US,Barbiere & Nguyen,Poly Prep Country Day BN,
Poly Prep Country Day,NY/US,Sah & Tiesi,Poly Prep Country Day ST,
Ramsay,AL/US,Bellmon & Brown,Ramsay BB,
Ransom Everglades,FL/US,Feldman & Rouillard,Ransom Everglades FR,
Ravenwood,TN/US,Bedi & Misra,Ravenwood BM,
Ravenwood,TN/US,Kumar & Mukerji,Ravenwood KM,
Ravenwood,TN/US,Mehta & Sathiyandrakumar,Ravenwood MS,
Revere,OH/US,Molter & Stano,Revere MS,
Riverside,SC/US,Cho & Ramasubramanian,Riverside CR,
School Without Walls,DC/US,Tess & O'Brien,School Without Walls TO,
Sequoyah,GA/US,Ambriz-Villela & Glover,Sequoyah AG,
Sequoyah,GA/US,Geist & Miffitt,Sequoyah GM,
Seven Lakes,TX/US,Agrawal & Frausto,Seven Lakes AF,
Seven Lakes,TX/US,Chai & He,Seven Lakes CH,
Seven Lakes,TX/US,Liu & Wu,Seven Lakes LW,
Seven Lakes,TX/US,Mehta & Zhao,Seven Lakes MZ,
Southlake Carroll,TX/US,Dharani & Subramanian,Southlake Carroll DS,
Southlake Carroll,TX/US,Gogia & Wang,Southlake Carroll GW,
Southlake Carroll,TX/US,Reddy & Yarlagedda,Southlake Carroll RY,
Southlake Carroll,TX/US,Suri & Punreddy,Southlake Carroll SP,
St Andrew's Episcopal,MS/US,Cooper & Reddy,St Andrew's Episcopal CR,
St Andrew's Episcopal,MS/US,Dhar & Lane,St Andrew's Episcopal DL,
Strake Jesuit College Prep,TX/US,Dubey & Yates,Strake Jesuit  DY,
Strake Jesuit College Prep,TX/US,Stratton & Zhao,Strake Jesuit  SZ,
Strake Jesuit College Prep,TX/US,Turley & Chimata,Strake Jesuit  TC,
Suncoast Comm,FL/US,Goldstein & Jackson,Suncoast Comm GJ,
Blake,MN/US,Chen & Kurdikar,Blake CK,
Blake,MN/US,Olson & Redmond,Blake OR,
Blake,MN/US,Terveen & Perri,Blake TP,
Bronx Science,NY/US,Anastas & Emery,Bronx Science AE,
Bronx Science,NY/US,Gelman & Zhou,Bronx Science GZ,
Bronx Science,NY/US,Kim&nbsp; & Roumie,Bronx Science KR,
Bronx Science,NY/US,Michel & Yellen,Bronx Science MY,
Harker,CA/US,Sahasi & Sahasi,Harker SS,
Lovett,GA/US,Ajani & Kalish,Lovett AK,
Nueva,CA/US,Alferness & Hayward,Nueva AH,
Nueva,CA/US,Chan & Deitcher,Nueva CD,
Nueva,CA/US,Chu & Wang,Nueva CW,
Trinity,KY/US,Eng & McBride,Trinity EM,
Trinity Prep,FL/US,Chong & Daniel,Trinity Prep CD,
Trinity Prep,FL/US,Haddadin & Scheinberg,Trinity Prep HS,
Trinity Prep,FL/US,Nagulapalli & Patel,Trinity Prep NP,
Trinity Prep,FL/US,Paul & Membreno,Trinity Prep PM,
University,NJ/US,Hathcock & Corbett,University HC,
Vestavia Hills,AL/US,Aluri & Varambally,Vestavia Hills AV,
Vestavia Hills,AL/US,Farooqui & Li,Vestavia Hills FL,
Vestavia Hills,AL/US,Wang & Gao,Vestavia Hills WG,
Waring,MA/US,Byron-Smarra & Gimbrere,Waring BG,
Waring,MA/US,Loring & Bennett,Waring LB,
West Broward,FL/US,Perez & Palanpurwala,West Broward PP,
Westlake,TX/US,Pillay & Kondagunturi,Westlake PK,
Westlake,TX/US,Rodgers & Wang,Westlake RW,
Westlake,TX/US,Syed & Shim,Westlake SS,
Wheeler,GA/US,Anumula & Ravi,Wheeler AR,
Wheeler,GA/US,Doshi & Rajagopalan,Wheeler DR,
William G. Enloe,NC/US,Nallam & Kotrannavar,William G. Enloe NK,
duPont Manual HS  / Youth Performing Arts,KY/US,kale & David,duPont Manual HS  / Youth Performing Arts KD,
duPont Manual HS  / Youth Performing Arts,KY/US,Kahloon & You,duPont Manual HS  / Youth Performing Arts KY,
duPont Manual HS  / Youth Performing Arts,KY/US,Lin & Gundapantula,duPont Manual HS  / Youth Performing Arts LG,