School,Location,Entry,Code,Record
Alexander Lou Independent,FL/US,Bernstein & Lou,Alexander Lou Independent Bernstein & Lou,
Ardrey Kell,NC,Ahsan & Sud,Ardrey Kell Ahsan & Sud,
Ardrey Kell,NC,Komali & Sulur,Ardrey Kell Komali & Sulur,
BASIS Chandler,AZ/US,Avlani & Han,BASIS Chandler Avlani & Han,
BASIS Chandler,AZ/US,Koo & Tailor,BASIS Chandler Koo & Tailor,
BASIS Chandler,AZ/US,Vo & Choudhury,BASIS Chandler Vo & Choudhury,
Bergen County Academies,NJ/US,Min & Seo,Bergen County Academies Min & Seo,
Bergen County Independent,NJ/US,Park & Shah,Bergen County Independent Park & Shah,
Brentwood,TN/US,Gripenstraw & Sanku,Brentwood Gripenstraw & Sanku,
Brentwood,TN/US,Khairollahi & Sathu,Brentwood Khairollahi & Sathu,
Brentwood,TN/US,Sidiqyar & Nayagadurai,Brentwood Sidiqyar & Nayagadurai,
Burden of Proof (BoP),GA/US,Ahn & Dong,Burden of Proof (BoP) Ahn & Dong,
Canyon Crest,CA/US,Xiong & Rupareliya,Canyon Crest Xiong & Rupareliya,
Carmel,IN/US,Yang & Hu,Carmel Yang & Hu,
Centennial,TX/US,Roongta & Chen,Centennial Roongta & Chen,
Centennial HS (MD),MD/US,Cao & Cao,Centennial HS (MD) Cao & Cao,
Charlotte Latin,NC/US,Rao & Pan,Charlotte Latin Rao & Pan,
Charlotte Latin,NC/US,Willett & Shan,Charlotte Latin Willett & Shan,
Christopher Columbus,FL/US,Alonso & Sacher,Christopher Columbus Alonso & Sacher,
Cranbrook,MI/US,Shi & Wang,Cranbrook Shi & Wang,
Cranbrook,MI/US,Lu & Charabuddhi,Cranbrook Lu & Charabuddhi,
Delbarton,NJ/US,Patel & Ehrenberg,Delbarton Patel & Ehrenberg,
Dowling Catholic,IA/US,Klemm & Sullivan,Dowling Catholic Klemm & Sullivan,
Eagan,MN/US,Hagape & Koch,Eagan Hagape & Koch,
Eagan,MN/US,Salonga & Sabin,Eagan Salonga & Sabin,
East Ridge,MN/US,Bhushan & Liu,East Ridge Bhushan & Liu,
East Ridge,MN/US,Nambudiri & Wei,East Ridge Nambudiri & Wei,
Edina,MN/US,Abu & Shah,Edina Abu & Shah,
Edina,MN/US,Webb & Rawal,Edina Webb & Rawal,
Edina,MN/US,Slobin & Watz,Edina Slobin & Watz,
Edina,MN/US,Erol & Budideti,Edina Erol & Budideti,
Edina,MN/US,Jain & Simhadri,Edina Jain & Simhadri,
Edina,MN/US,Shapiro & Varma,Edina Shapiro & Varma,
Flower Mound,TX/US,Morris & Kurra,Flower Mound Morris & Kurra,
Flower Mound,TX/US,Sharma & Bhattacharya,Flower Mound Sharma & Bhattacharya,
Independent Hamilton,AZ/US,Chen & Xi,Independent Hamilton Chen & Xi,
Independent Hamilton,AZ/US,Chen & Dong,Independent Hamilton Chen & Dong,
Independent Hamilton,AZ/US,Nigam & Tambe,Independent Hamilton Nigam & Tambe,
Independent Hamilton,AZ/US,Neithalath & Liu,Independent Hamilton Neithalath & Liu,
Independent NYC,NY/US,Izmirly & wolf,Independent NYC Izmirly & wolf,
Iowa City West,IA,Kleiman & Yang,Iowa City West Kleiman & Yang,
Lakeville,MN/US,Siefken & Davis,Lakeville Siefken & Davis,
Lakeville,MN/US,Lester & Maharjan,Lakeville Lester & Maharjan,
Lakeville,MN/US,McDonald & McDonald,Lakeville McDonald & McDonald,
Langley,VA/US,Shah & Rakasi,Langley Shah & Rakasi,
Lexington,MA/US,Gandhi & Dalmia,Lexington Dalmia & Gandhi,
Lexington,MA/US,Fan & Sivabalan,Lexington Fan & Sivabalan,
Marist,GA/US,Escayg & Kang,Marist Escayg & Kang,
Mira Loma,CA/US,Sharma & Suri,Mira Loma Sharma & Suri,
Mira Loma,CA/US,Mahendra & Pradeep,Mira Loma Mahendra & Pradeep,
Mission San Jose,CA/US,Kulkarni & Jani,Mission San Jose Kulkarni & Jani,
Mission San Jose,CA/US,Chalasani & Narayan,Mission San Jose Chalasani & Narayan,
Montgomery Blair,MD/US,Fan & Liu,Montgomery Blair Fan & Liu,
Myers Park,NC/US,McNairy & Bacon,Myers Park McNairy & Bacon,
Myers Park,NC/US,George & McCranie,Myers Park George & McCranie,
Myers Park,NC/US,Jacobs & Bohmfalk,Myers Park Jacobs & Bohmfalk,
Myers Park,NC/US,Jacobs & Baskerville,Myers Park Jacobs & Baskerville,
North Broward Prep,FL/US,Apel & Shen,North Broward Prep Apel & Shen,
Oakwood,CA/US,Balle & Turk,Oakwood Balle & Turk,
Park City,UT/US,Nagel & O'Brien,Park City Nagel & O'Brien,
Park City,UT/US,Watkins & Rutkowski,Park City Watkins & Rutkowski,
Poolesville,MD/US,Hu & Liu,Poolesville Hu & Liu,
Princeton Independent,NJ/US,Hagedorn & Caracalos,Princeton Independent Hagedorn & Caracalos,
Ravenwood,TN,Bedi & Misra,Ravenwood Bedi & Misra,
Ravenwood,TN,Balaje & McAtee,Ravenwood Balaje & McAtee,
Ravenwood,TN,Kumar & Mukerji,Ravenwood Kumar & Mukerji,
Ravenwood,TN,Yenigalla & Hoskins,Ravenwood Yenigalla & Hoskins,
Ravenwood,TN,Sathiyandrakumar & Mehta,Ravenwood Sathiyandrakumar & Mehta,
Richard Montgomery,MD/US,Li & Xue,Richard Montgomery Li & Xue,
Richard Montgomery,MD/US,Tu & Wang,Richard Montgomery Tu & Wang,
Scarsdale,NY,Liu & Liu,Scarsdale Liu & Liu,
Scarsdale,NY,Yang & Lee,Scarsdale Yang & Lee,
Sidwell Independent,DC/US,Huang & Viswanathan,Sidwell Independent Huang & Viswanathan,
Southlake Carroll,TX/US,Gogia & Wang,Southlake Carroll Gogia & Wang,
Southlake Carroll,TX/US,Reddy & Yarlagedda,Southlake Carroll Reddy & Yarlagedda,
St Paul Academy and Summit,MN/US,Choi & Sachs,St Paul Academy and Summit Choi & Sachs,
St Paul Academy and Summit,MN/US,Karmaliani & Chen,St Paul Academy and Summit Karmaliani & Chen,
St Paul Academy and Summit,MN/US,Hilton & Schumacher,St Paul Academy and Summit Hilton & Schumacher,
Strake Jesuit College Prep,TX/US,Guo & Holmes,Strake Jesuit  Guo & Holmes,
Strake Jesuit College Prep,TX/US,Dubey & Yates,Strake Jesuit  Dubey & Yates,
Strake Jesuit College Prep,TX/US,Chimata & Turley,Strake Jesuit  Chimata & Turley,
Sunny Independent,WA/US,Chen & Li,Sunny Independent Chen & Li,
Abraham West Independent,NE/US,Islamov & Xu,Abraham West Independent Islamov & Xu,
Blake,MN/US,Dalton & Verma,Blake Dalton & Verma,
Blake,MN/US,Chen & Kurdikar,Blake Chen & Kurdikar,
Blake,MN/US,Olson & Redmond,Blake Olson & Redmond,
Blake,MN/US,Gajdusek & Schmidt,Blake Gajdusek & Schmidt,
Theodore Roosevelt,IA/US,Baruri & Timm,Theodore Roosevelt Baruri & Timm,
Theodore Roosevelt,IA/US,Goldsberry & Alg-Liening,Theodore Roosevelt Goldsberry & Alg-Liening,
University,OH/US,Hsieh & Krishnaney,University Hsieh & Krishnaney,
Walt Whitman,MD/US,Bhattacharjee & Willhauck,Walt Whitman Bhattacharjee & Willhauck,
Walt Whitman,MD/US,Hallward-Driemeier & Hu-Henderson,Walt Whitman Hu-Henderson & Hallward-Driemeier,
Westwood,TX/US,Dasari & Venkat,Westwood Dasari & Venkat,
Westwood,TX/US,Kutianawala & Boddeti,Westwood Kutianawala & Boddeti,
William G. Enloe,NC/US,Sun & Kotrannavar,William G. Enloe Sun & Kotrannavar,
Winston Churchill,MD/US,Durbhakula & Mao,Winston Churchill Durbhakula & Mao,
Winston Churchill,MD/US,Halliburton & Tang,Winston Churchill Halliburton & Tang,