Institution,Location,Entry,Code,Mode,Status,Record
Acton-Boxborough,MA/US,Datta & Sharma,Acton-Boxborough DS,1,,
Ames,IA,Kobayashi & Eulenstein,Ames EK,1,,
Ardrey Kell,NC/US,Sud & Karthikeyan,Ardrey Kell KS,1,,
Ardrey Kell,NC/US,Ahsan & She,Ardrey Kell SA,1,,
BASIS Independent McLean,VA/US,Jones & Rask,BASIS Independent McLean JR,1,,
BASIS Independent McLean,VA/US,Letchumanan & Bhandari,BASIS Independent McLean LB,1,,
Belvidere North,IL/US,Richardson & Gilbertson,Belvidere North GR,1,,
Belvidere North,IL/US,Kroepel & Beutel,Belvidere North KB,1,,
Blake,MN/US,Ali & Unglaub,Blake AU,1,,
Blake,MN/US,Balachander & Chen,Blake BC,1,,
Blake,MN/US,Bastodkar & Pflaum,Blake BP,1,,
Blake,MN/US,Farhan & Pham,Blake FP,1,,
Blake,MN/US,Liu & Dayhoff,Blake LD,1,,
Blake,MN/US,Saroya & Mao,Blake MS,1,,
Blake,MN/US,Stiele & Stamm,Blake SS,1,,
Bryan Senior,NE/US,Lagunas Nava & Morales Quintero,Bryan Senior ML,1,,
Centennial HS (MD),MD/US,Brad & Cao,Centennial HS (MD) BC,1,,
Clarksburg,MD/US,Cho & Kim,Clarksburg CK,1,,
Cranbrook,MI/US,Awad & Adebayo,Cranbrook AA,1,,
Cranbrook,MI/US,Gan & Chen,Cranbrook CG,1,,
Cranbrook,MI/US,Wang & DiPiero,Cranbrook DW,1,,
Cranbrook,MI/US,Hao & He,Cranbrook HH,1,,
Cranbrook,MI/US,Shvartsman & Nerusu,Cranbrook ShNe,1,,
Cranbrook,MI/US,Tang & Wu,Cranbrook TW,1,,
Cranbrook,MI/US,Huang & Zhang,Cranbrook ZH,1,,
East Ridge,MN/US,Singh & Jung,East Ridge JS,1,,
Elkhorn North,NE/US,Ramirez & Jayanti,Elkhorn North JR,0,,
Folsom,CA/US,Jaswal & Chinya,Folsom JC,1,,
Hampton Roads Academy,VA/US,Hensley & Bennet-Northam,Hampton Roads Academy HB,1,,
Harrisburg,SD/US,Ali & Bockholt,Harrisburg AB,1,,
Hunter,NY/US,Arora & Quan,Hunter AQ,1,,
Hunter,NY/US,Bailey & Gottlieb,Hunter BG,1,,
Hunter,NY/US,Kini & Patel,Hunter KP,1,,
Hunter,NY/US,Mao & Mangaraj,Hunter MM,1,,
Hunter,NY/US,Mak & Tang,Hunter MT,1,,
Hunter,NY/US,Stillman & Xiao,Hunter SX,1,,
Iowa City West,IA/US,Ahmad & Sudhakar,Iowa City West AS,1,,
Iowa City West,IA/US,Abudagga & Thomas,Iowa City West AT,1,,
Iowa City West,IA/US,El-Fadil & Durnev,Iowa City West DE,1,,
Iowa City West,IA/US,Kleiman & Asay,Iowa City West KA,1,,
James Bowie,TX/US,Barden & Baird,James Bowie BB,1,,
James Madison,VA/US,Saraf & Shnekendorf,James Madison SS,1,,
L C Anderson,TX/US,Sharma & Martin,L C Anderson MS,1,,
Lakeville North,MN/US,Siefken & Maharjan,Lakeville North SM,1,,
Lakeville North,MN/US,Timm & Tung,Lakeville North TT,1,,
Lakeville South,MN/US,McDonald & Berntson,Lakeville South MB,1,,
Lambert,GA/US,Liew & Guan,Lambert GL,1,,
Lambert,GA/US,Jayden & Liu,Lambert JL,1,,
Lambert,GA/US,Kallu & Jojjavarapu,Lambert KJ,1,,
Langley,VA/US,Gu & Bazaz,Langley GB,1,,
Langley,VA/US,Le & Jiang,Langley LJ,1,,
Langley,VA/US,Shah & Gubbi,Langley SG,1,,
Lincoln East,NE/US,Agarwal & Ganesh,Lincoln East GA,1,,
Lincoln East,NE/US,Sajeesh & Sathish,Lincoln East SS,1,,
Lincoln East,NE/US,Islamov & Xu,Lincoln East XI,1,,
Lincoln Southwest,NE/US,Azucena & Sasaki,Lincoln Southwest AS,1,,
Lincoln Southwest,NE/US,Loriaux & Wieseler,Lincoln Southwest LW,1,,
Lincoln Southwest,NE/US,Nield & Moshiri,Lincoln Southwest MN,1,,
Lincoln Southwest,NE/US,Wilkason & Tran,Lincoln Southwest WT,1,,
Livingston,NJ/US,Volkov & Nistala,Livingston NV,1,,
Marian,NE/US,Bialas & Giwoyna,Marian BG,1,,
Marian,NE/US,O'Brien & Kehm,Marian OK,1,,
Millard North,NE/US,Arunprasad & Dooshety,Millard North AD,0,,
Millard North,NE/US,Gupta & Pinapati,Millard North GP,0,,
Millard South,NE/US,Rudloff & Curtis,Millard South CR,0,,
Millard South,NE/US,Ho & Ho,Millard South HH,0,,
Millard West,NE/US,Holmes & Pruitt,Millard West HP,0,,
Millard West,NE/US,Kandi & Medbery,Millard West MK,0,,
Milpitas,CA/US,Kadalayil & Dani,Milpitas KD,1,,
Milpitas,CA/US,Cho & Prabhakhar,Milpitas PC,1,,
Mira Loma,CA/US,Sharma & Mahendra,Mira Loma SM,1,,
Notre Dame San Jose,CA/US,Anand & Sundaresan,Notre Dame San Jose AS,1,,
Notre Dame San Jose,CA/US,Appalakutty & Yu,Notre Dame San Jose YA,1,,
Nueva,CA/US,Chen & Cheng,Nueva CC,1,,
Nueva,CA/US,Chan & Gupta,Nueva CG,1,,
Pacific Blue Prep,WA/US,Zhang & Wu,Pacific Blue Prep WZ,1,,
Papillion-La Vista,NE/US,Baldwin & Moshoeshoe,Papillion-La Vista BM,1,,
Paradise Valley,AZ/US,Parashar & Dhulipalla,Paradise Valley PD,1,,
Pine View,FL/US,Zhou & Fancher,Pine View FZ,1,,
Poolesville,MD/US,Liu & Shah,Poolesville LS,1,,
Richard Montgomery,MD/US,Tu & Wang,Richard Montgomery TW,1,,
Livingston,NJ/US,Wang & Li,ruohua  Li,1,,
Seven Lakes,TX/US,Chen & Lin,Seven Lakes CL,1,,
Seven Lakes,TX/US,Eswar & Meghani,Seven Lakes EM,1,,
Seven Lakes,TX/US,Mendoza Casas & Jeter,Seven Lakes JM,1,,
Seven Lakes,TX/US,Suleman & Jain,Seven Lakes SJ,1,,
Seven Lakes,TX/US,Wu & Zhou,Seven Lakes WZ,1,,
SF Lincoln,SD/US,Hitchcock & Groher,SF Lincoln HG,1,,
SF Lincoln,SD/US,Kato & Surendran,SF Lincoln SK,1,,
SF Lincoln,SD/US,Weeks & Wiessner,SF Lincoln WW,1,,
SF Roosevelt,SD/US,Mazariegos & Kathner,SF Roosevelt KM,0,,
Sidwell,DC/US,Chen & Shah,Sidwell CS,1,,
Sidwell,DC/US,King & Rose,Sidwell KR,1,,
Sioux Falls Jefferson,SD/US,Hassen & Stolz,Sioux Falls Jefferson HS,1,,
Sioux Falls Jefferson,SD/US,Kane & Mayen,Sioux Falls Jefferson KM,1,,
St Luke's,CT/US,Gerber & Gilrain-Lennon,St Luke's GG,1,,
St Luke's,CT/US,Memon & Welch,St Luke's WM,1,,
Summit,NJ/US,Livnat & Malik,Summit LM,1,,
Theodore Roosevelt,IA/US,Goldsberry & Hopper-Hedges,Theodore Roosevelt GH,1,,
Theodore Roosevelt,IA/US,Melam & Magill,Theodore Roosevelt MM,1,,
University,OH/US,Wang & Anwar,University AW,1,,
University,OH/US,Krishnaney & Xu,University KX,1,,
Upper St Clair,PA/US,Vilensky & Kumar,Upper St Clair KV,1,,
Vel Phillips Memorial,WI/US,Riley & Lankella,Vel Phillips Memorial LR,1,,
Vista Del Lago,CA/US,Balakrishnan & Pasumarthi,Vista Del Lago BP,1,,
Vista Del Lago,CA/US,Lakshminarayanan & Perez,Vista Del Lago PL,1,,
Vista Del Lago,CA/US,Yarlagadda & Kolli,Vista Del Lago YK,1,,
Waring,MA/US,Byron-Smarra & Huang,Waring BH,1,,
Wheeler,GA/US,Ravi & Anumula,Wheeler AR,1,WL,
Winston Churchill,MD/US,Moon & Durbhakula,Winston Churchill MD,1,,